year	state	mean_lineages	proportion
1945.0	domestic_dog	0.0000	0.0000
1945.0	felid	0.0011	1.0000
1945.0	mustelid	0.0000	0.0000
1945.0	procyonid	0.0000	0.0000
1945.0	wild_canid	0.0000	0.0000
1946.0	domestic_dog	0.0000	0.0000
1946.0	felid	0.0022	1.0000
1946.0	mustelid	0.0000	0.0000
1946.0	procyonid	0.0000	0.0000
1946.0	wild_canid	0.0000	0.0000
1947.0	domestic_dog	0.0000	0.0000
1947.0	felid	0.0022	1.0000
1947.0	mustelid	0.0000	0.0000
1947.0	procyonid	0.0000	0.0000
1947.0	wild_canid	0.0000	0.0000
1948.0	domestic_dog	0.0000	0.0000
1948.0	felid	0.0022	1.0000
1948.0	mustelid	0.0000	0.0000
1948.0	procyonid	0.0000	0.0000
1948.0	wild_canid	0.0000	0.0000
1949.0	domestic_dog	0.0000	0.0000
1949.0	felid	0.0022	1.0000
1949.0	mustelid	0.0000	0.0000
1949.0	procyonid	0.0000	0.0000
1949.0	wild_canid	0.0000	0.0000
1950.0	domestic_dog	0.0000	0.0000
1950.0	felid	0.0022	1.0000
1950.0	mustelid	0.0000	0.0000
1950.0	procyonid	0.0000	0.0000
1950.0	wild_canid	0.0000	0.0000
1951.0	domestic_dog	0.0011	0.2500
1951.0	felid	0.0022	0.5000
1951.0	mustelid	0.0000	0.0000
1951.0	procyonid	0.0011	0.2500
1951.0	wild_canid	0.0000	0.0000
1952.0	domestic_dog	0.0011	0.2000
1952.0	felid	0.0033	0.6000
1952.0	mustelid	0.0000	0.0000
1952.0	procyonid	0.0011	0.2000
1952.0	wild_canid	0.0000	0.0000
1953.0	domestic_dog	0.0006	0.0833
1953.0	felid	0.0028	0.4167
1953.0	mustelid	0.0000	0.0000
1953.0	procyonid	0.0028	0.4167
1953.0	wild_canid	0.0006	0.0833
1954.0	domestic_dog	0.0006	0.0714
1954.0	felid	0.0039	0.5000
1954.0	mustelid	0.0000	0.0000
1954.0	procyonid	0.0028	0.3571
1954.0	wild_canid	0.0006	0.0714
1955.0	domestic_dog	0.0017	0.1765
1955.0	felid	0.0039	0.4118
1955.0	mustelid	0.0000	0.0000
1955.0	procyonid	0.0028	0.2941
1955.0	wild_canid	0.0011	0.1176
1956.0	domestic_dog	0.0017	0.1765
1956.0	felid	0.0039	0.4118
1956.0	mustelid	0.0000	0.0000
1956.0	procyonid	0.0028	0.2941
1956.0	wild_canid	0.0011	0.1176
1957.0	domestic_dog	0.0017	0.1765
1957.0	felid	0.0039	0.4118
1957.0	mustelid	0.0000	0.0000
1957.0	procyonid	0.0028	0.2941
1957.0	wild_canid	0.0011	0.1176
1958.0	domestic_dog	0.0028	0.2000
1958.0	felid	0.0055	0.4000
1958.0	mustelid	0.0000	0.0000
1958.0	procyonid	0.0044	0.3200
1958.0	wild_canid	0.0011	0.0800
1959.0	domestic_dog	0.0028	0.1786
1959.0	felid	0.0072	0.4643
1959.0	mustelid	0.0000	0.0000
1959.0	procyonid	0.0044	0.2857
1959.0	wild_canid	0.0011	0.0714
1960.0	domestic_dog	0.0039	0.1795
1960.0	felid	0.0078	0.3590
1960.0	mustelid	0.0000	0.0000
1960.0	procyonid	0.0089	0.4103
1960.0	wild_canid	0.0011	0.0513
1961.0	domestic_dog	0.0055	0.1961
1961.0	felid	0.0089	0.3137
1961.0	mustelid	0.0011	0.0392
1961.0	procyonid	0.0105	0.3725
1961.0	wild_canid	0.0022	0.0784
1962.0	domestic_dog	0.0072	0.2063
1962.0	felid	0.0105	0.3016
1962.0	mustelid	0.0017	0.0476
1962.0	procyonid	0.0111	0.3175
1962.0	wild_canid	0.0044	0.1270
1963.0	domestic_dog	0.0072	0.1757
1963.0	felid	0.0117	0.2838
1963.0	mustelid	0.0061	0.1486
1963.0	procyonid	0.0117	0.2838
1963.0	wild_canid	0.0044	0.1081
1964.0	domestic_dog	0.0094	0.1889
1964.0	felid	0.0133	0.2667
1964.0	mustelid	0.0083	0.1667
1964.0	procyonid	0.0133	0.2667
1964.0	wild_canid	0.0055	0.1111
1965.0	domestic_dog	0.0105	0.1792
1965.0	felid	0.0155	0.2642
1965.0	mustelid	0.0094	0.1604
1965.0	procyonid	0.0161	0.2736
1965.0	wild_canid	0.0072	0.1226
1966.0	domestic_dog	0.0150	0.2160
1966.0	felid	0.0194	0.2800
1966.0	mustelid	0.0105	0.1520
1966.0	procyonid	0.0161	0.2320
1966.0	wild_canid	0.0083	0.1200
1967.0	domestic_dog	0.0161	0.1747
1967.0	felid	0.0277	0.3012
1967.0	mustelid	0.0139	0.1506
1967.0	procyonid	0.0222	0.2410
1967.0	wild_canid	0.0122	0.1325
1968.0	domestic_dog	0.0200	0.1846
1968.0	felid	0.0344	0.3179
1968.0	mustelid	0.0139	0.1282
1968.0	procyonid	0.0250	0.2308
1968.0	wild_canid	0.0150	0.1385
1969.0	domestic_dog	0.0211	0.1645
1969.0	felid	0.0350	0.2727
1969.0	mustelid	0.0166	0.1299
1969.0	procyonid	0.0350	0.2727
1969.0	wild_canid	0.0205	0.1602
1970.0	domestic_dog	0.0261	0.1577
1970.0	felid	0.0488	0.2953
1970.0	mustelid	0.0211	0.1275
1970.0	procyonid	0.0422	0.2550
1970.0	wild_canid	0.0272	0.1644
1971.0	domestic_dog	0.0316	0.1516
1971.0	felid	0.0710	0.3404
1971.0	mustelid	0.0255	0.1223
1971.0	procyonid	0.0444	0.2128
1971.0	wild_canid	0.0361	0.1729
1972.0	domestic_dog	0.0394	0.1406
1972.0	felid	0.1032	0.3683
1972.0	mustelid	0.0327	0.1168
1972.0	procyonid	0.0627	0.2238
1972.0	wild_canid	0.0422	0.1505
1973.0	domestic_dog	0.0588	0.1613
1973.0	felid	0.1326	0.3638
1973.0	mustelid	0.0372	0.1020
1973.0	procyonid	0.0794	0.2177
1973.0	wild_canid	0.0566	0.1553
1974.0	domestic_dog	0.0683	0.1424
1974.0	felid	0.1892	0.3947
1974.0	mustelid	0.0433	0.0903
1974.0	procyonid	0.1043	0.2176
1974.0	wild_canid	0.0744	0.1551
1975.0	domestic_dog	0.0777	0.1293
1975.0	felid	0.2431	0.4044
1975.0	mustelid	0.0527	0.0877
1975.0	procyonid	0.1360	0.2262
1975.0	wild_canid	0.0916	0.1524
1976.0	domestic_dog	0.0966	0.1278
1976.0	felid	0.2958	0.3913
1976.0	mustelid	0.0644	0.0852
1976.0	procyonid	0.1892	0.2504
1976.0	wild_canid	0.1099	0.1454
1977.0	domestic_dog	0.1226	0.1324
1977.0	felid	0.3829	0.4134
1977.0	mustelid	0.0849	0.0917
1977.0	procyonid	0.2170	0.2343
1977.0	wild_canid	0.1188	0.1282
1978.0	domestic_dog	0.1482	0.1304
1978.0	felid	0.4711	0.4146
1978.0	mustelid	0.1082	0.0952
1978.0	procyonid	0.2752	0.2422
1978.0	wild_canid	0.1337	0.1177
1979.0	domestic_dog	0.1765	0.1276
1979.0	felid	0.5877	0.4250
1979.0	mustelid	0.1249	0.0903
1979.0	procyonid	0.3413	0.2468
1979.0	wild_canid	0.1526	0.1104
1980.0	domestic_dog	0.2059	0.1242
1980.0	felid	0.6826	0.4119
1980.0	mustelid	0.1459	0.0881
1980.0	procyonid	0.4234	0.2555
1980.0	wild_canid	0.1992	0.1202
1981.0	domestic_dog	0.2414	0.1226
1981.0	felid	0.8196	0.4164
1981.0	mustelid	0.1676	0.0851
1981.0	procyonid	0.5100	0.2591
1981.0	wild_canid	0.2297	0.1167
1982.0	domestic_dog	0.2780	0.1223
1982.0	felid	0.9506	0.4181
1982.0	mustelid	0.1915	0.0842
1982.0	procyonid	0.5882	0.2587
1982.0	wild_canid	0.2653	0.1167
1983.0	domestic_dog	0.3085	0.1173
1983.0	felid	1.0938	0.4160
1983.0	mustelid	0.2342	0.0891
1983.0	procyonid	0.6998	0.2661
1983.0	wild_canid	0.2930	0.1114
1984.0	domestic_dog	0.3602	0.1214
1984.0	felid	1.2092	0.4077
1984.0	mustelid	0.2653	0.0894
1984.0	procyonid	0.8052	0.2715
1984.0	wild_canid	0.3257	0.1098
1985.0	domestic_dog	0.4062	0.1223
1985.0	felid	1.3385	0.4030
1985.0	mustelid	0.3052	0.0919
1985.0	procyonid	0.9323	0.2807
1985.0	wild_canid	0.3391	0.1021
1986.0	domestic_dog	0.4534	0.1216
1986.0	felid	1.4967	0.4013
1986.0	mustelid	0.3391	0.0909
1986.0	procyonid	1.0649	0.2855
1986.0	wild_canid	0.3757	0.1007
1987.0	domestic_dog	0.5100	0.1223
1987.0	felid	1.6815	0.4034
1987.0	mustelid	0.3796	0.0911
1987.0	procyonid	1.2003	0.2879
1987.0	wild_canid	0.3973	0.0953
1988.0	domestic_dog	0.5749	0.1239
1988.0	felid	1.8663	0.4022
1988.0	mustelid	0.4362	0.0940
1988.0	procyonid	1.3407	0.2890
1988.0	wild_canid	0.4218	0.0909
1989.0	domestic_dog	0.6332	0.1240
1989.0	felid	2.0583	0.4032
1989.0	mustelid	0.4695	0.0920
1989.0	procyonid	1.5067	0.2952
1989.0	wild_canid	0.4367	0.0856
1990.0	domestic_dog	0.6859	0.1222
1990.0	felid	2.2531	0.4013
1990.0	mustelid	0.5139	0.0915
1990.0	procyonid	1.7064	0.3040
1990.0	wild_canid	0.4545	0.0810
1991.0	domestic_dog	0.7508	0.1206
1991.0	felid	2.4512	0.3936
1991.0	mustelid	0.5627	0.0904
1991.0	procyonid	1.9900	0.3196
1991.0	wild_canid	0.4723	0.0758
1992.0	domestic_dog	0.8113	0.1152
1992.0	felid	2.5111	0.3564
1992.0	mustelid	0.6182	0.0878
1992.0	procyonid	2.6443	0.3753
1992.0	wild_canid	0.4600	0.0653
1993.0	domestic_dog	0.8873	0.1765
1993.0	felid	1.2703	0.2526
1993.0	mustelid	0.7142	0.1420
1993.0	procyonid	1.6698	0.3321
1993.0	wild_canid	0.4867	0.0968
1994.0	domestic_dog	0.9828	0.1868
1994.0	felid	1.1837	0.2250
1994.0	mustelid	0.8091	0.1538
1994.0	procyonid	1.7719	0.3368
1994.0	wild_canid	0.5133	0.0976
1995.0	domestic_dog	1.0744	0.1936
1995.0	felid	1.1365	0.2048
1995.0	mustelid	0.9218	0.1661
1995.0	procyonid	1.8690	0.3367
1995.0	wild_canid	0.5488	0.0989
1996.0	domestic_dog	1.1887	0.2002
1996.0	felid	1.1493	0.1936
1996.0	mustelid	1.0216	0.1721
1996.0	procyonid	1.9900	0.3352
1996.0	wild_canid	0.5871	0.0989
1997.0	domestic_dog	1.2974	0.2030
1997.0	felid	1.1981	0.1875
1997.0	mustelid	1.1387	0.1782
1997.0	procyonid	2.1271	0.3328
1997.0	wild_canid	0.6299	0.0985
1998.0	domestic_dog	1.4434	0.2067
1998.0	felid	1.3008	0.1863
1998.0	mustelid	1.2686	0.1816
1998.0	procyonid	2.2858	0.3273
1998.0	wild_canid	0.6853	0.0981
1999.0	domestic_dog	1.6343	0.2128
1999.0	felid	1.4073	0.1832
1999.0	mustelid	1.4140	0.1841
1999.0	procyonid	2.4800	0.3229
1999.0	wild_canid	0.7453	0.0970
2000.0	domestic_dog	1.8824	0.2197
2000.0	felid	1.5233	0.1778
2000.0	mustelid	1.6365	0.1910
2000.0	procyonid	2.7153	0.3169
2000.0	wild_canid	0.8102	0.0946
2001.0	domestic_dog	2.1987	0.2306
2001.0	felid	1.6343	0.1714
2001.0	mustelid	1.9179	0.2011
2001.0	procyonid	2.9367	0.3080
2001.0	wild_canid	0.8479	0.0889
2002.0	domestic_dog	2.5954	0.2471
2002.0	felid	1.7242	0.1641
2002.0	mustelid	2.2386	0.2131
2002.0	procyonid	3.0899	0.2941
2002.0	wild_canid	0.8574	0.0816
2003.0	domestic_dog	2.9329	0.2573
2003.0	felid	1.7297	0.1518
2003.0	mustelid	2.6115	0.2291
2003.0	procyonid	3.2836	0.2881
2003.0	wild_canid	0.8396	0.0737
2004.0	domestic_dog	3.0788	0.2526
2004.0	felid	1.7231	0.1414
2004.0	mustelid	2.8796	0.2363
2004.0	procyonid	3.6176	0.2968
2004.0	wild_canid	0.8885	0.0729
2005.0	domestic_dog	1.2248	0.1218
2005.0	felid	1.6743	0.1665
2005.0	mustelid	2.0755	0.2064
2005.0	procyonid	4.0616	0.4039
2005.0	wild_canid	1.0189	0.1013
2006.0	domestic_dog	1.4600	0.1303
2006.0	felid	1.5305	0.1366
2006.0	mustelid	2.5161	0.2245
2006.0	procyonid	4.5061	0.4021
2006.0	wild_canid	1.1926	0.1064
2007.0	domestic_dog	1.8163	0.1358
2007.0	felid	1.3613	0.1018
2007.0	mustelid	3.8435	0.2874
2007.0	procyonid	5.0178	0.3752
2007.0	wild_canid	1.3335	0.0997
2008.0	domestic_dog	2.2231	0.1854
2008.0	felid	1.2064	0.1006
2008.0	mustelid	1.5433	0.1287
2008.0	procyonid	5.5105	0.4597
2008.0	wild_canid	1.5050	0.1255
2009.0	domestic_dog	2.5466	0.1935
2009.0	felid	1.1304	0.0859
2009.0	mustelid	1.7198	0.1307
2009.0	procyonid	6.1426	0.4667
2009.0	wild_canid	1.6221	0.1232
2010.0	domestic_dog	2.7725	0.1914
2010.0	felid	1.1898	0.0822
2010.0	mustelid	1.9356	0.1337
2010.0	procyonid	6.8651	0.4740
2010.0	wild_canid	1.7192	0.1187
2011.0	domestic_dog	2.0283	0.1333
2011.0	felid	1.3097	0.0861
2011.0	mustelid	2.2142	0.1456
2011.0	procyonid	7.8846	0.5183
2011.0	wild_canid	1.7758	0.1167
2012.0	domestic_dog	2.4789	0.1335
2012.0	felid	1.4989	0.0807
2012.0	mustelid	2.6826	0.1445
2012.0	procyonid	9.9795	0.5375
2012.0	wild_canid	1.9273	0.1038
2013.0	domestic_dog	2.3707	0.0991
2013.0	felid	1.7220	0.0720
2013.0	mustelid	4.1765	0.1745
2013.0	procyonid	12.8252	0.5360
2013.0	wild_canid	2.8352	0.1185
2014.0	domestic_dog	1.4012	0.0674
2014.0	felid	2.1032	0.1011
2014.0	mustelid	3.4140	0.1641
2014.0	procyonid	12.2936	0.5910
2014.0	wild_canid	1.5899	0.0764
2015.0	domestic_dog	1.4578	0.0644
2015.0	felid	3.2453	0.1434
2015.0	mustelid	4.2952	0.1898
2015.0	procyonid	11.7519	0.5193
2015.0	wild_canid	1.8818	0.0831
2016.0	domestic_dog	1.6471	0.0790
2016.0	felid	0.1471	0.0071
2016.0	mustelid	5.9478	0.2852
2016.0	procyonid	10.0971	0.4842
2016.0	wild_canid	3.0133	0.1445
2017.0	domestic_dog	2.1404	0.1758
2017.0	felid	0.0200	0.0016
2017.0	mustelid	2.9290	0.2406
2017.0	procyonid	4.4367	0.3645
2017.0	wild_canid	2.6471	0.2175
2018.0	domestic_dog	0.8413	0.2743
2018.0	felid	0.0028	0.0009
2018.0	mustelid	1.0078	0.3286
2018.0	procyonid	1.1038	0.3599
2018.0	wild_canid	0.1110	0.0362
2019.0	domestic_dog	0.9612	0.2984
2019.0	felid	0.0044	0.0014
2019.0	mustelid	1.0089	0.3132
2019.0	procyonid	1.1154	0.3463
2019.0	wild_canid	0.1310	0.0407
2020.0	domestic_dog	1.3102	0.8252
2020.0	felid	0.0022	0.0014
2020.0	mustelid	0.0111	0.0070
2020.0	procyonid	0.1188	0.0748
2020.0	wild_canid	0.1454	0.0916
2021.0	domestic_dog	1.8463	0.9257
2021.0	felid	0.0006	0.0003
2021.0	mustelid	0.0061	0.0031
2021.0	procyonid	0.0627	0.0314
2021.0	wild_canid	0.0788	0.0395
2022.0	domestic_dog	0.9883	0.9883
2022.0	felid	0.0000	0.0000
2022.0	mustelid	0.0011	0.0011
2022.0	procyonid	0.0067	0.0067
2022.0	wild_canid	0.0039	0.0039
2023.0	domestic_dog	1.0000	1.0000
2023.0	felid	0.0000	0.0000
2023.0	mustelid	0.0000	0.0000
2023.0	procyonid	0.0000	0.0000
2023.0	wild_canid	0.0000	0.0000
