name	ungapped_len	gap_frac	ambig_frac	identity_to_consensus	flag	stops_in_aln_frame
PP586093|domestic_dog|2023.500	1524	0.4023529411764706	0.0	0.5485564304461942	low_identity	0
PP586092|domestic_dog|2023.500	1524	0.4023529411764706	0.0	0.5485564304461942	low_identity	0
KJ415358|domestic_dog|1994.500	1524	0.4023529411764706	0.0	0.5492125984251969	low_identity	0
KJ415359|other|1994.500	1524	0.4023529411764706	0.0	0.5492125984251969	low_identity	0
JF343963|domestic_dog|2009.800	1524	0.4023529411764706	0.0	0.550524934383202	low_identity	0
KJ415357|wild_canid|1994.500	1524	0.4023529411764706	0.0	0.550524934383202	low_identity	0
KJ415360|other|1994.500	1524	0.4023529411764706	0.0	0.550524934383202	low_identity	0
KU578258|other|1993.500	1535	0.3980392156862745	0.0	0.5511400651465798	low_identity;internal_stop	17
KJ415361|wild_canid|2011.500	1524	0.4023529411764706	0.0	0.5511811023622047	low_identity	0
KJ415363|wild_canid|2007.500	1524	0.4023529411764706	0.0	0.5511811023622047	low_identity	0
KJ415362|wild_felid|1994.500	1524	0.4023529411764706	0.0	0.5511811023622047	low_identity	0
LC011105|domestic_dog|2013.310	1645	0.35490196078431374	0.0	0.5574468085106383	low_identity;internal_stop	50
KY057356|domestic_dog|2016.500	1987	0.2207843137254902	0.0	0.5762455963764469	low_identity;internal_stop	50
KP064127|wild_canid|2007.500	1989	0.22	0.0	0.5816993464052288	low_identity	0
KP064128|wild_canid|2008.500	1989	0.22	0.0	0.5862242332830568	low_identity	0
OP561501|domestic_dog|2020.331	1850	0.27450980392156865	0.0	0.5864864864864865	low_identity	0
OP561507|domestic_dog|2020.331	1850	0.27450980392156865	0.0	0.587027027027027	low_identity	0
OP561502|domestic_dog|2020.331	1850	0.27450980392156865	0.0	0.5881081081081081	low_identity	0
OP561515|domestic_dog|2020.331	1850	0.27450980392156865	0.0	0.5886486486486486	low_identity	0
OP561504|domestic_dog|2020.331	1850	0.27450980392156865	0.0	0.5886486486486486	low_identity	0
OP561499|domestic_dog|2020.331	1850	0.27450980392156865	0.0	0.5886486486486486	low_identity	0
OP561506|domestic_dog|2020.331	1850	0.27450980392156865	0.0	0.5886486486486486	low_identity	0
OP561492|domestic_dog|2020.331	1850	0.27450980392156865	0.0	0.5886486486486486	low_identity	0
OP561500|domestic_dog|2020.331	1850	0.27450980392156865	0.0	0.5886486486486486	low_identity	0
KP064126|wild_canid|2007.500	1989	0.22	0.0	0.5887380593262946	low_identity	0
OP561516|domestic_dog|2020.331	1850	0.27450980392156865	0.0	0.5891891891891892	low_identity	0
OP561498|domestic_dog|2020.331	1850	0.27450980392156865	0.0	0.5891891891891892	low_identity	0
OP561497|domestic_dog|2020.331	1850	0.27450980392156865	0.0	0.5897297297297297	low_identity	0
OP561493|domestic_dog|2020.331	1850	0.27450980392156865	0.0	0.5897297297297297	low_identity	0
OP561511|domestic_dog|2020.331	1850	0.27450980392156865	0.0	0.5897297297297297	low_identity	0
EU327874|wild_canid|2007.500	1989	0.22	0.0	0.5902463549522373	low_identity	0
OP561517|domestic_dog|2020.331	1850	0.27450980392156865	0.0	0.5902702702702702	low_identity	0
OP561518|domestic_dog|2020.331	1850	0.27450980392156865	0.0	0.5902702702702702	low_identity	0
OP561495|domestic_dog|2020.331	1850	0.27450980392156865	0.0	0.5902702702702702	low_identity	0
OP561490|domestic_dog|2020.331	1850	0.27450980392156865	0.0	0.5902702702702702	low_identity	0
OP561503|domestic_dog|2020.331	1850	0.27450980392156865	0.0	0.5902702702702702	low_identity	0
OP561496|domestic_dog|2020.331	1850	0.27450980392156865	0.0	0.5902702702702702	low_identity	0
OP561513|domestic_dog|2020.331	1850	0.27450980392156865	0.0	0.5902702702702702	low_identity	0
OP561505|domestic_dog|2020.331	1850	0.27450980392156865	0.0	0.5902702702702702	low_identity	0
OP561509|domestic_dog|2020.331	1850	0.27450980392156865	0.0	0.5908108108108108	low_identity	0
OP561491|domestic_dog|2020.331	1850	0.27450980392156865	0.0	0.5908108108108108	low_identity	0
OP561514|domestic_dog|2020.331	1850	0.27450980392156865	0.0	0.5908108108108108	low_identity	0
OP561519|domestic_dog|2020.331	1850	0.27450980392156865	0.0	0.5913513513513513	low_identity	0
OP561510|domestic_dog|2020.331	1850	0.27450980392156865	0.0	0.5913513513513513	low_identity	0
OP561508|domestic_dog|2020.331	1850	0.27450980392156865	0.0	0.5913513513513513	low_identity	0
OP561512|domestic_dog|2020.331	1850	0.27450980392156865	0.0	0.5913513513513513	low_identity	0
OP561494|domestic_dog|2020.331	1850	0.27450980392156865	0.0	0.5924324324324325	low_identity	0
MK423860|domestic_dog|2018.537	1824	0.2847058823529412	0.0	0.7132675438596491	low_identity	0
PV102958|pinniped|2024.809	1824	0.2847058823529412	0.0	0.8596491228070176		0
OQ442788|pinniped|2008.874	1824	0.2847058823529412	0.0	0.9150219298245614		0
OQ442787|pinniped|2008.874	1824	0.2847058823529412	0.0	0.9150219298245614		0
EU743935|wild_canid|2005.288	1824	0.2847058823529412	0.0	0.9161184210526315		0
MN267065|pinniped|2000.500	1824	0.2847058823529412	0.0	0.9161184210526315		0
MN267064|pinniped|2000.500	1824	0.2847058823529412	0.0	0.9161184210526315		0
MN267066|pinniped|2000.500	1824	0.2847058823529412	0.0	0.9166666666666666		0
EU743934|domestic_dog|2004.205	1824	0.2847058823529412	0.0	0.9183114035087719		0
OL441593|mustelid|2019.500	1824	0.2847058823529412	0.0	0.9205043859649122		0
OL441594|mustelid|2019.500	1824	0.2847058823529412	0.0	0.9210526315789473		0
OL441592|mustelid|2019.500	1824	0.2847058823529412	0.0	0.9216008771929824		0
OQ282906|domestic_dog|2021.003	1787	0.2992156862745098	0.0	0.9283715724678232	internal_stop	38
MF964184|domestic_dog|2016.500	1824	0.2847058823529412	0.0	0.9287280701754386		0
KR074995|ailurid|2012.661	1812	0.28941176470588237	0.0	0.9299116997792495		0
KC667067|domestic_dog|2012.787	1812	0.28941176470588237	0.0	0.9299116997792495		0
OR612054|mustelid|2022.723	1772	0.3050980392156863	0.0	0.9305869074492099		0
OR612053|mustelid|2022.679	1640	0.3568627450980392	0.0	0.9310975609756098	internal_stop	37
OQ282907|domestic_dog|2021.003	1787	0.2992156862745098	0.0	0.9311695579182988	internal_stop	38
PP316239|mustelid|2023.389	1758	0.31058823529411766	0.0	0.9311717861205916		0
OQ282908|domestic_dog|2021.003	1787	0.2992156862745098	0.0	0.9317291550083939	internal_stop	39
GQ332531|domestic_dog|2008.372	1824	0.2847058823529412	0.0	0.9325657894736842		0
PP316238|mustelid|2022.945	1789	0.2984313725490196	0.0	0.9329234209055338		0
KY774572|domestic_dog|2016.790	1824	0.2847058823529412	0.0	0.9331140350877193		0
FJ605455|domestic_dog|2008.454	1812	0.28941176470588237	0.0	0.9332229580573952		0
JX886779|domestic_dog|2011.500	1544	0.39450980392156865	0.0	0.9332901554404145		0
HQ403645|domestic_dog|2009.041	1824	0.2847058823529412	0.0	0.9336622807017544		0
JN896987|ref_America-1/vaccine|NA	1946	0.23686274509803923	0.0	0.933710174717369	internal_stop	41
MF467743|wild_canid|2016.500	1815	0.28823529411764703	0.0	0.9338842975206612		0
PQ625782|domestic_dog|2021.500	1824	0.2847058823529412	0.0	0.9342105263157895		0
HM046486|pinniped|2007.500	1824	0.2847058823529412	0.0	0.9342105263157895		0
MF926598|domestic_dog|2016.708	1824	0.2847058823529412	0.0	0.9342105263157895		0
AF259552|ref_America-2|NA	1824	0.2847058823529412	0.0	0.9342105263157895		0
HM063009|mustelid|1989.500	1824	0.2847058823529412	0.0	0.9342105263157895		0
FJ040791|domestic_dog|2008.369	1812	0.28941176470588237	0.0	0.9343267108167771		0
OQ282905|domestic_dog|2021.003	1787	0.2992156862745098	0.0	0.936205931729155	internal_stop	38
OQ282904|domestic_dog|2021.003	1787	0.2992156862745098	0.0	0.9373251259093452	internal_stop	38
AM903376|domestic_dog|2006.940	1824	0.2847058823529412	0.0	0.9375		0
JN622007|domestic_dog|2010.773	1782	0.30117647058823527	0.0	0.9377104377104377		0
KX159296|mustelid|2013.452	1815	0.28823529411764703	0.0	0.9377410468319559		0
OQ282903|domestic_dog|2021.003	1787	0.2992156862745098	0.0	0.9378847229994404	internal_stop	37
OP169070|domestic_dog|2021.003	1788	0.2988235294117647	0.0	0.9379194630872483		0
OP169071|domestic_dog|2021.003	1788	0.2988235294117647	0.0	0.9379194630872483		0
KX159295|mustelid|2013.452	1815	0.28823529411764703	0.0	0.9382920110192837		0
MF926601|domestic_dog|2016.790	1946	0.23686274509803923	0.0	0.9383350462487153	internal_stop	40
OP169069|domestic_dog|2021.003	1788	0.2988235294117647	0.0	0.9384787472035794		0
MF926604|domestic_dog|2017.041	1946	0.23686274509803923	0.0	0.9388489208633094	internal_stop	40
MF926603|domestic_dog|2017.041	1946	0.23686274509803923	0.0	0.9388489208633094	internal_stop	40
MF926602|domestic_dog|2016.956	1946	0.23686274509803923	0.0	0.9388489208633094	internal_stop	40
AF378705|ref_America-1/vaccine|NA	1815	0.28823529411764703	0.0	0.9393939393939394		0
OL441599|mustelid|2019.500	1815	0.28823529411764703	0.0	0.9393939393939394		0
OL441600|mustelid|2019.500	1815	0.28823529411764703	0.0	0.9399449035812673		0
OL441598|mustelid|2019.500	1815	0.28823529411764703	0.0	0.9399449035812673		0
OL441597|mustelid|2019.500	1815	0.28823529411764703	0.0	0.9399449035812673		0
KU552082|domestic_dog|1982.110	1824	0.2847058823529412	0.0	0.9402412280701754		0
OL441595|mustelid|2019.500	1815	0.28823529411764703	0.0	0.9410468319559229		0
OL441596|mustelid|2019.500	1815	0.28823529411764703	0.0	0.9410468319559229		0
MF467742|wild_canid|2016.500	1815	0.28823529411764703	0.0	0.9432506887052342		0
PQ611763|domestic_dog|2021.500	1824	0.2847058823529412	0.0	0.9462719298245614		0
MF467739|wild_canid|2016.500	1815	0.28823529411764703	0.0	0.947107438016529		0
PP151318|wild_canid|2023.500	1824	0.2847058823529412	0.0	0.9479166666666666		0
JQ327708|wild_canid|2011.500	1824	0.2847058823529412	0.0	0.9479166666666666		0
MF467741|wild_canid|2016.500	1815	0.28823529411764703	0.0	0.9482093663911846		0
MF467745|wild_felid|2015.500	1815	0.28823529411764703	0.0	0.9487603305785124		0
MF467740|wild_canid|2016.500	1815	0.28823529411764703	0.0	0.9487603305785124		0
MF467744|other|2015.500	1815	0.28823529411764703	0.0	0.9504132231404959		0
MK689164|domestic_dog|2018.707	1755	0.31176470588235294	0.0	0.9504273504273504		0
PV153711|domestic_dog|2022.500	1646	0.3545098039215686	0.0	0.9507897934386391		0
OR506461|other|2019.500	1815	0.28823529411764703	0.0	0.9509641873278237		0
MK689165|domestic_dog|2018.707	1755	0.31176470588235294	0.0	0.950997150997151		0
PX656918|domestic_dog|2019.858	1824	0.2847058823529412	0.0	0.9512061403508771		0
PV124385|domestic_dog|2022.500	1648	0.3537254901960784	0.0	0.9514563106796117		0
MK689166|domestic_dog|2018.707	1755	0.31176470588235294	0.0	0.9515669515669516		0
PX656917|domestic_dog|2019.734	1824	0.2847058823529412	0.0	0.9523026315789473		0
JQ327707|wild_canid|2010.500	1824	0.2847058823529412	0.0	0.9523026315789473		0
MT932496|domestic_dog|2013.430	1824	0.2847058823529412	0.0	0.9528508771929824		0
EU716074|mustelid|1998.123	1824	0.2847058823529412	0.0	0.9528508771929824		0
MF467747|domestic_dog|2016.500	1815	0.28823529411764703	0.0005509641873278236	0.9531422271223815		0
MT932495|domestic_dog|2013.477	1824	0.2847058823529412	0.0	0.9533991228070176		0
PQ584613|mustelid|2022.500	1824	0.2847058823529412	0.0	0.9533991228070176		0
PV806615|domestic_dog|2023.293	1824	0.2847058823529412	0.0	0.9533991228070176		0
EU716075|domestic_dog|2007.041	1824	0.2847058823529412	0.0	0.9533991228070176		0
KT266736|domestic_dog|2014.562	1824	0.2847058823529412	0.0	0.9533991228070176		0
MT932498|domestic_dog|2012.863	1824	0.2847058823529412	0.0	0.9533991228070176		0
MF467746|wild_felid|2015.500	1815	0.28823529411764703	0.0	0.9537190082644628		0
KX708727|wild_canid|2013.622	1776	0.3035294117647059	0.0	0.9538288288288288	internal_stop	39
KX708731|mustelid|2013.956	1776	0.3035294117647059	0.0	0.9538288288288288	internal_stop	39
KJ685550|mustelid|2014.099	1824	0.2847058823529412	0.0	0.9539473684210527		0
PX938970|domestic_dog|2023.559	1824	0.2847058823529412	0.0	0.9539473684210527		0
PX938971|domestic_dog|2023.701	1824	0.2847058823529412	0.0	0.9539473684210527		0
PZ812011|domestic_dog|2025.500	1824	0.2847058823529412	0.0	0.9544956140350878		0
PZ812010|domestic_dog|2025.500	1824	0.2847058823529412	0.0	0.9544956140350878		0
PZ812009|domestic_dog|2025.500	1824	0.2847058823529412	0.0	0.9544956140350878		0
KX708718|mustelid|2013.622	1824	0.2847058823529412	0.0	0.9544956140350878		0
PZ812015|domestic_dog|2025.500	1824	0.2847058823529412	0.0	0.9544956140350878		0
PZ812016|domestic_dog|2025.500	1824	0.2847058823529412	0.0	0.9544956140350878		0
PZ812018|domestic_dog|2025.500	1824	0.2847058823529412	0.0	0.9544956140350878		0
PZ812017|domestic_dog|2025.500	1824	0.2847058823529412	0.0	0.9544956140350878		0
KJ728666|wild_canid|2013.932	1824	0.2847058823529412	0.0	0.9544956140350878		0
PZ812013|domestic_dog|2025.500	1824	0.2847058823529412	0.0	0.9544956140350878		0
EU296492|domestic_dog|2005.500	1824	0.2847058823529412	0.0	0.9550438596491229		0
PX789706|procyonid|2023.027	1824	0.2847058823529412	0.0	0.9550438596491229		0
PZ812003|domestic_dog|2025.500	1824	0.2847058823529412	0.0	0.9550438596491229		0
MK169401|wild_felid|2015.395	1824	0.2847058823529412	0.0	0.9550438596491229		0
KX024709|mustelid|2015.759	1824	0.2847058823529412	0.0	0.9550438596491229		0
PZ812012|domestic_dog|2025.500	1824	0.2847058823529412	0.0	0.9550438596491229		0
PZ812008|domestic_dog|2025.500	1824	0.2847058823529412	0.0	0.9550438596491229		0
PZ812005|domestic_dog|2025.500	1824	0.2847058823529412	0.0	0.9550438596491229		0
PZ812002|domestic_dog|2025.500	1824	0.2847058823529412	0.0	0.9550438596491229		0
KJ579444|wild_canid|2013.885	1824	0.2847058823529412	0.0	0.9550438596491229		0
PZ812006|domestic_dog|2025.500	1824	0.2847058823529412	0.0	0.9550438596491229		0
PZ812007|domestic_dog|2025.500	1824	0.2847058823529412	0.0	0.9550438596491229		0
PZ812014|domestic_dog|2025.500	1824	0.2847058823529412	0.0	0.9550438596491229		0
PX789685|domestic_dog|2024.123	1824	0.2847058823529412	0.0	0.9555921052631579		0
MW248101|domestic_dog|2019.123	1824	0.2847058823529412	0.0	0.9555921052631579		0
PZ812004|domestic_dog|2025.500	1824	0.2847058823529412	0.0	0.9555921052631579		0
KX708710|mustelid|2013.041	1824	0.2847058823529412	0.0	0.9555921052631579		0
KX024708|mustelid|2015.740	1824	0.2847058823529412	0.0	0.9555921052631579		0
PX789707|mustelid|2023.414	1824	0.2847058823529412	0.0	0.9555921052631579		0
KX708721|mustelid|2013.123	1776	0.3035294117647059	0.0	0.956081081081081	internal_stop	39
KX708725|mustelid|2012.956	1776	0.3035294117647059	0.0	0.956081081081081	internal_stop	40
KX708724|mustelid|2012.956	1776	0.3035294117647059	0.0	0.956081081081081	internal_stop	40
KX708713|mustelid|2013.041	1824	0.2847058823529412	0.0	0.956140350877193		0
EU296491|domestic_dog|2006.500	1824	0.2847058823529412	0.0	0.956140350877193		0
MT350714|domestic_dog|2018.893	1824	0.2847058823529412	0.0	0.956140350877193		0
EU716073|domestic_dog|1997.123	1824	0.2847058823529412	0.0	0.956140350877193		0
OR123692|wild_felid|2021.500	1824	0.2847058823529412	0.0	0.956140350877193		0
PZ380576|domestic_dog|2025.500	1824	0.2847058823529412	0.0	0.956140350877193		0
PQ895525|domestic_dog|2022.381	1628	0.3615686274509804	0.0	0.9563882063882064		0
KX708723|mustelid|2012.956	1776	0.3035294117647059	0.0	0.9566441441441441	internal_stop	39
KX708717|mustelid|2012.956	1824	0.2847058823529412	0.0005482456140350877	0.9566648381788261		0
KX708715|mustelid|2012.874	1824	0.2847058823529412	0.0	0.9566885964912281		0
KF914669|domestic_dog|2013.367	1824	0.2847058823529412	0.0	0.9566885964912281		0
KX708716|mustelid|2012.956	1824	0.2847058823529412	0.0	0.9566885964912281		0
PV806614|domestic_dog|2023.500	1824	0.2847058823529412	0.0	0.9566885964912281		0
KP127967|domestic_dog|2014.288	1824	0.2847058823529412	0.0	0.9566885964912281		0
KM115533|domestic_dog|2012.708	1824	0.2847058823529412	0.0	0.9566885964912281		0
PV712670|domestic_dog|2023.630	1824	0.2847058823529412	0.0	0.9566885964912281		0
MF467738|wild_canid|2016.500	1815	0.28823529411764703	0.0	0.9570247933884297		0
KX708722|mustelid|2013.041	1776	0.3035294117647059	0.0	0.9572072072072072	internal_stop	36
KM115532|domestic_dog|2013.288	1824	0.2847058823529412	0.0	0.9572368421052632		0
KJ728667|wild_canid|2013.685	1824	0.2847058823529412	0.0	0.9572368421052632		0
KM115536|domestic_dog|2013.537	1824	0.2847058823529412	0.0	0.9572368421052632		0
MH316137|wild_canid|2018.164	1824	0.2847058823529412	0.0	0.9572368421052632		0
KX708714|mustelid|2013.041	1824	0.2847058823529412	0.0	0.9572368421052632		0
KX708711|wild_canid|2012.956	1824	0.2847058823529412	0.0	0.9572368421052632		0
PZ380575|domestic_dog|2025.500	1824	0.2847058823529412	0.0	0.9572368421052632		0
KX708712|mustelid|2013.041	1824	0.2847058823529412	0.0	0.9572368421052632		0
MH118276|domestic_dog|2017.500	1831	0.2819607843137255	0.0	0.957400327689787		0
KX708726|wild_felid|2013.890	1776	0.3035294117647059	0.0	0.9577702702702703	internal_stop	38
PX734752|domestic_dog|2018.500	1824	0.2847058823529412	0.0	0.9577850877192983		0
PX734753|domestic_dog|2017.500	1824	0.2847058823529412	0.0	0.9577850877192983		0
PX734749|domestic_dog|2019.500	1824	0.2847058823529412	0.0	0.9577850877192983		0
PX789705|wild_canid|2022.868	1824	0.2847058823529412	0.0	0.9577850877192983		0
PX789681|domestic_dog|2023.288	1824	0.2847058823529412	0.0	0.9577850877192983		0
PX734751|domestic_dog|2019.500	1824	0.2847058823529412	0.0	0.9577850877192983		0
KM115535|domestic_dog|2013.455	1824	0.2847058823529412	0.0	0.9577850877192983		0
KJ569205|wild_canid|2013.830	1824	0.2847058823529412	0.0	0.9577850877192983		0
PV806608|domestic_dog|2023.500	1824	0.2847058823529412	0.0	0.9577850877192983		0
PV806621|domestic_dog|2022.500	1824	0.2847058823529412	0.0	0.9577850877192983		0
KT001209|mustelid|2014.696	1824	0.2847058823529412	0.0	0.9577850877192983		0
MH813462|other|2016.418	1824	0.2847058823529412	0.0	0.9577850877192983		0
KF880677|mustelid|2013.753	1824	0.2847058823529412	0.0	0.9577850877192983		0
KT001210|mustelid|2014.696	1824	0.2847058823529412	0.0	0.9577850877192983		0
PX789704|wild_canid|2022.890	1824	0.2847058823529412	0.0	0.9577850877192983		0
PV806606|domestic_dog|2023.500	1824	0.2847058823529412	0.0	0.9577850877192983		0
PV806612|domestic_dog|2023.500	1824	0.2847058823529412	0.0	0.9577850877192983		0
PV806609|domestic_dog|2023.500	1824	0.2847058823529412	0.0	0.9577850877192983		0
KX150847|mustelid|2013.430	1920	0.24705882352941178	0.0	0.9578125	internal_stop	43
AB619774|wild_felid|2010.189	1824	0.2847058823529412	0.0	0.9583333333333334		0
PP512578|domestic_dog|2023.500	1824	0.2847058823529412	0.0	0.9583333333333334		0
MT350713|domestic_dog|2018.882	1824	0.2847058823529412	0.0	0.9583333333333334		0
KU030831|domestic_dog|2015.203	1824	0.2847058823529412	0.0	0.9583333333333334		0
PV806607|domestic_dog|2023.500	1824	0.2847058823529412	0.0	0.9583333333333334		0
KY971532|other|2017.041	1824	0.2847058823529412	0.0	0.9583333333333334		0
PZ043802|domestic_dog|2020.500	1824	0.2847058823529412	0.0	0.9583333333333334		0
KR185351|wild_canid|2014.518	1824	0.2847058823529412	0.0	0.9588815789473685		0
KJ994343|wild_canid|2013.789	1824	0.2847058823529412	0.0	0.9588815789473685		0
PV712673|domestic_dog|2022.140	1824	0.2847058823529412	0.0	0.9588815789473685		0
PV712671|domestic_dog|2022.162	1824	0.2847058823529412	0.0	0.9588815789473685		0
PP498904|domestic_dog|2023.000	1824	0.2847058823529412	0.0	0.9588815789473685		0
KP738610|wild_canid|2014.748	1824	0.2847058823529412	0.0	0.9588815789473685		0
PQ241487|domestic_dog|2020.721	1824	0.2847058823529412	0.0	0.9588815789473685		0
KU983523|domestic_dog|2014.874	1824	0.2847058823529412	0.0	0.9588815789473685		0
OM179846|viverrid|2021.644	1824	0.2847058823529412	0.0	0.9588815789473685		0
KJ660069|mustelid|2014.164	1824	0.2847058823529412	0.0	0.9588815789473685		0
PV806617|domestic_dog|2021.500	1824	0.2847058823529412	0.0	0.9588815789473685		0
PV806611|domestic_dog|2022.500	1824	0.2847058823529412	0.0	0.9588815789473685		0
PV712676|domestic_dog|2022.699	1824	0.2847058823529412	0.0	0.9588815789473685		0
PV712678|domestic_dog|2022.471	1824	0.2847058823529412	0.0	0.9588815789473685		0
OR880602|domestic_dog|2023.466	1824	0.2847058823529412	0.0	0.9588815789473685		0
PV712674|domestic_dog|2022.441	1824	0.2847058823529412	0.0	0.9588815789473685		0
OR243301|wild_felid|2019.534	1824	0.2847058823529412	0.0	0.9588815789473685		0
EU296493|domestic_dog|2005.500	1824	0.2847058823529412	0.0	0.9588815789473685		0
PQ241483|domestic_dog|2023.773	1824	0.2847058823529412	0.0	0.9588815789473685		0
OP561460|domestic_dog|2020.331	1778	0.3027450980392157	0.0	0.9589426321709786		0
OP561487|domestic_dog|2020.331	1778	0.3027450980392157	0.0	0.9589426321709786		0
KC667065|domestic_dog|2012.907	1812	0.28941176470588237	0.0	0.9591611479028698		0
JX886775|domestic_dog|2011.500	1544	0.39450980392156865	0.0	0.9591968911917098		0
EU296483|domestic_dog|2005.500	1824	0.2847058823529412	0.0	0.9594298245614035		0
PX734737|domestic_dog|2013.500	1824	0.2847058823529412	0.0	0.9594298245614035		0
OR652070|domestic_dog|2023.000	1824	0.2847058823529412	0.0	0.9594298245614035		0
KP127966|mustelid|2013.622	1824	0.2847058823529412	0.0	0.9594298245614035		0
KM115534|domestic_dog|2013.203	1824	0.2847058823529412	0.0	0.9594298245614035		0
KP127964|mustelid|2014.203	1824	0.2847058823529412	0.0	0.9594298245614035		0
KP127963|domestic_dog|2014.203	1824	0.2847058823529412	0.0	0.9594298245614035		0
KU162860|mustelid|2015.685	1824	0.2847058823529412	0.0	0.9594298245614035		0
PQ241484|domestic_dog|2023.030	1824	0.2847058823529412	0.0	0.9594298245614035		0
KX150848|mustelid|2013.452	1824	0.2847058823529412	0.0	0.9594298245614035		0
KX371587|domestic_dog|2016.164	1824	0.2847058823529412	0.0	0.9594298245614035		0
PV712681|domestic_dog|2022.745	1824	0.2847058823529412	0.0	0.9594298245614035		0
PV712675|domestic_dog|2022.923	1824	0.2847058823529412	0.0	0.9594298245614035		0
EU325727|wild_canid|2007.500	1824	0.2847058823529412	0.0	0.9594298245614035		0
AB619775|wild_canid|2009.956	1824	0.2847058823529412	0.0	0.9594298245614035		0
PZ170266|domestic_dog|2025.707	1824	0.2847058823529412	0.0	0.9594298245614035		0
MW980440|domestic_dog|2020.940	1824	0.2847058823529412	0.0	0.9594298245614035		0
PP498906|domestic_dog|2023.000	1824	0.2847058823529412	0.0	0.9594298245614035		0
KX943319|domestic_dog|2016.030	1824	0.2847058823529412	0.0	0.9594298245614035		0
PX734744|domestic_dog|2013.500	1824	0.2847058823529412	0.0	0.9594298245614035		0
PX734746|domestic_dog|2013.500	1824	0.2847058823529412	0.0	0.9594298245614035		0
MG922460|domestic_dog|2016.951	1770	0.3058823529411765	0.0	0.9598870056497175		0
MG922458|domestic_dog|2016.951	1770	0.3058823529411765	0.0	0.9598870056497175		0
OR514512|domestic_dog|2021.500	1824	0.2847058823529412	0.001644736842105263	0.9599121361889071		0
MH337872|wild_canid|2016.538	1824	0.2847058823529412	0.0	0.9599780701754386		0
KC966929|wild_canid|2013.041	1824	0.2847058823529412	0.0	0.9599780701754386		0
PX734754|domestic_dog|2011.500	1824	0.2847058823529412	0.0	0.9599780701754386		0
KC966928|wild_canid|2013.041	1824	0.2847058823529412	0.0	0.9599780701754386		0
MK408454|mustelid|2017.455	1824	0.2847058823529412	0.0	0.9599780701754386		0
KP765763|wild_canid|2014.501	1824	0.2847058823529412	0.0	0.9599780701754386		0
MF100801|domestic_dog|2015.715	1824	0.2847058823529412	0.0	0.9599780701754386		0
PZ845995|domestic_dog|2025.203	1824	0.2847058823529412	0.0	0.9599780701754386		0
MK617353|domestic_dog|2017.500	1824	0.2847058823529412	0.0	0.9599780701754386		0
OM179847|viverrid|2021.644	1824	0.2847058823529412	0.0	0.9599780701754386		0
MF964178|domestic_dog|2016.500	1824	0.2847058823529412	0.0	0.9599780701754386		0
OM179849|viverrid|2021.644	1824	0.2847058823529412	0.0	0.9599780701754386		0
PP498908|domestic_dog|2023.000	1824	0.2847058823529412	0.0	0.9599780701754386		0
OM179848|viverrid|2021.644	1824	0.2847058823529412	0.0	0.9599780701754386		0
KP127958|mustelid|2013.455	1824	0.2847058823529412	0.0	0.9599780701754386		0
PV806620|domestic_dog|2021.500	1824	0.2847058823529412	0.0	0.9599780701754386		0
MF964181|domestic_dog|2016.500	1824	0.2847058823529412	0.0	0.9599780701754386		0
PZ043806|domestic_dog|2020.500	1824	0.2847058823529412	0.0	0.9599780701754386		0
PV806616|domestic_dog|2022.500	1824	0.2847058823529412	0.0	0.9599780701754386		0
OR777862|domestic_dog|2018.500	1824	0.2847058823529412	0.0	0.9599780701754386		0
FJ461717|domestic_dog|2007.707	1824	0.2847058823529412	0.0	0.9599780701754386		0
PV712669|wild_canid|2022.592	1824	0.2847058823529412	0.0	0.9599780701754386		0
MF964179|domestic_dog|2016.500	1824	0.2847058823529412	0.0	0.9599780701754386		0
JX912975|domestic_dog|2012.500	1803	0.29294117647058826	0.0	0.9600665557404326		0
MF041963|wild_canid|2016.746	1946	0.23686274509803923	0.0	0.960431654676259	internal_stop	42
PX789674|domestic_dog|2023.622	1530	0.4	0.1895424836601307	0.9604838709677419	ambiguous>5%	0
MK541909|wild_canid|2012.350	1824	0.2847058823529412	0.0005482456140350877	0.9605046626439934		0
MF964182|domestic_dog|2015.500	1824	0.2847058823529412	0.0	0.9605263157894737		0
FJ461712|domestic_dog|2007.789	1824	0.2847058823529412	0.0	0.9605263157894737		0
KF880678|wild_canid|2013.781	1824	0.2847058823529412	0.0	0.9605263157894737		0
KU521343|mustelid|2014.370	1824	0.2847058823529412	0.0	0.9605263157894737		0
PV778034|domestic_dog|2025.500	1824	0.2847058823529412	0.0	0.9605263157894737		0
EU296482|domestic_dog|2005.500	1824	0.2847058823529412	0.0	0.9605263157894737		0
KX159294|mustelid|2013.512	1824	0.2847058823529412	0.0	0.9605263157894737		0
MF964187|domestic_dog|2016.500	1824	0.2847058823529412	0.0	0.9605263157894737		0
MW876862|wild_canid|2019.222	1824	0.2847058823529412	0.0	0.9605263157894737		0
KP127955|wild_canid|2012.623	1824	0.2847058823529412	0.0	0.9605263157894737		0
KP127956|mustelid|2012.456	1824	0.2847058823529412	0.0	0.9605263157894737		0
KP127961|mustelid|2013.455	1824	0.2847058823529412	0.0	0.9605263157894737		0
PV806618|domestic_dog|2022.500	1824	0.2847058823529412	0.0	0.9605263157894737		0
OL675426|domestic_dog|2020.604	1824	0.2847058823529412	0.0	0.9605263157894737		0
PV778033|domestic_dog|2025.500	1824	0.2847058823529412	0.0	0.9605263157894737		0
PZ168248|domestic_dog|2024.500	1824	0.2847058823529412	0.0	0.9605263157894737		0
PQ474983|domestic_dog|2023.500	1824	0.2847058823529412	0.0	0.9605263157894737		0
OM714799|wild_canid|2021.500	1824	0.2847058823529412	0.0	0.9605263157894737		0
FJ461724|domestic_dog|2007.707	1824	0.2847058823529412	0.0	0.9605263157894737		0
OQ785284|domestic_dog|2022.893	1824	0.2847058823529412	0.0	0.9605263157894737		0
PV806622|domestic_dog|2022.500	1824	0.2847058823529412	0.0	0.9605263157894737		0
KX774415|wild_felid|2004.041	1824	0.2847058823529412	0.0010964912280701754	0.9610318331503842		0
KR002661|domestic_dog|2013.822	1824	0.2847058823529412	0.0	0.9610745614035088		0
KU030833|domestic_dog|2015.370	1824	0.2847058823529412	0.0	0.9610745614035088		0
OQ807208|domestic_dog|2022.500	1824	0.2847058823529412	0.0	0.9610745614035088		0
PV712680|domestic_dog|2023.263	1824	0.2847058823529412	0.0	0.9610745614035088		0
MF964183|domestic_dog|2015.500	1824	0.2847058823529412	0.0	0.9610745614035088		0
FJ461700|domestic_dog|2007.789	1824	0.2847058823529412	0.0	0.9610745614035088		0
KR002660|domestic_dog|2013.847	1824	0.2847058823529412	0.0	0.9610745614035088		0
KR002659|domestic_dog|2013.847	1824	0.2847058823529412	0.0	0.9610745614035088		0
KF880680|wild_canid|2013.781	1824	0.2847058823529412	0.0	0.9610745614035088		0
KR002657|domestic_dog|2013.847	1824	0.2847058823529412	0.0	0.9610745614035088		0
KF880684|mustelid|2013.781	1824	0.2847058823529412	0.0	0.9610745614035088		0
KP127957|domestic_dog|2012.623	1824	0.2847058823529412	0.0	0.9610745614035088		0
PQ241488|domestic_dog|2020.585	1824	0.2847058823529412	0.0	0.9610745614035088		0
KF880679|wild_canid|2013.781	1824	0.2847058823529412	0.0	0.9610745614035088		0
KP127959|mustelid|2012.123	1824	0.2847058823529412	0.0	0.9610745614035088		0
PV806613|domestic_dog|2023.500	1824	0.2847058823529412	0.0	0.9610745614035088		0
OR652074|domestic_dog|2023.000	1824	0.2847058823529412	0.0	0.9610745614035088		0
KX708720|wild_felid|2006.781	1824	0.2847058823529412	0.0	0.9610745614035088		0
MW048555|domestic_dog|2018.500	1824	0.2847058823529412	0.0	0.9610745614035088		0
KU521345|mustelid|2014.455	1824	0.2847058823529412	0.0	0.9610745614035088		0
MW535268|ailurid|2019.370	1824	0.2847058823529412	0.0	0.9610745614035088		0
MT350712|domestic_dog|2018.858	1824	0.2847058823529412	0.0	0.9610745614035088		0
MW535267|ailurid|2018.789	1824	0.2847058823529412	0.0	0.9610745614035088		0
PP498903|domestic_dog|2023.000	1824	0.2847058823529412	0.0	0.9610745614035088		0
PZ043805|domestic_dog|2020.500	1824	0.2847058823529412	0.0	0.9610745614035088		0
FJ461707|domestic_dog|2007.707	1824	0.2847058823529412	0.0	0.9610745614035088		0
PV712672|domestic_dog|2022.318	1824	0.2847058823529412	0.0	0.9610745614035088		0
PP498907|domestic_dog|2023.000	1824	0.2847058823529412	0.0	0.9610745614035088		0
FJ461694|domestic_dog|2007.707	1824	0.2847058823529412	0.0	0.9610745614035088		0
ON206669|domestic_dog|2021.789	1824	0.2847058823529412	0.0	0.9610745614035088		0
KU521344|mustelid|2014.455	1824	0.2847058823529412	0.0	0.9610745614035088		0
FJ461711|domestic_dog|2007.622	1824	0.2847058823529412	0.0	0.9610745614035088		0
PV124386|domestic_dog|2022.500	1657	0.35019607843137257	0.0	0.9613759806879904		0
KP127962|mustelid|2013.537	1824	0.2847058823529412	0.0	0.9616228070175439		0
KU983518|domestic_dog|2014.789	1824	0.2847058823529412	0.0	0.9616228070175439		0
PQ241499|domestic_dog|2017.844	1824	0.2847058823529412	0.0	0.9616228070175439		0
PQ241493|domestic_dog|2023.753	1824	0.2847058823529412	0.0	0.9616228070175439		0
PX734755|domestic_dog|2016.500	1824	0.2847058823529412	0.0	0.9616228070175439		0
PQ241489|domestic_dog|2017.682	1824	0.2847058823529412	0.0	0.9616228070175439		0
KR002658|domestic_dog|2013.847	1824	0.2847058823529412	0.0	0.9616228070175439		0
MW013487|domestic_dog|2017.500	1824	0.2847058823529412	0.0	0.9616228070175439		0
MF926610|domestic_dog|2017.370	1824	0.2847058823529412	0.0	0.9616228070175439		0
OQ807209|domestic_dog|2022.500	1824	0.2847058823529412	0.0	0.9616228070175439		0
PV806619|domestic_dog|2021.500	1824	0.2847058823529412	0.0	0.9616228070175439		0
FJ423606|domestic_dog|2008.500	1824	0.2847058823529412	0.0	0.9616228070175439		0
OP546526|wild_canid|2021.500	1824	0.2847058823529412	0.0	0.9616228070175439		0
OR652069|domestic_dog|2023.500	1824	0.2847058823529412	0.0	0.9616228070175439		0
PP434477|domestic_dog|2023.500	1824	0.2847058823529412	0.0	0.9616228070175439		0
KX371585|domestic_dog|2016.052	1824	0.2847058823529412	0.0	0.9616228070175439		0
KU983521|domestic_dog|2014.874	1824	0.2847058823529412	0.0	0.9616228070175439		0
PQ860808|domestic_dog|2024.500	1824	0.2847058823529412	0.0	0.9616228070175439		0
KX159297|mustelid|2013.605	1824	0.2847058823529412	0.0	0.9616228070175439	internal_stop	1
KF880681|wild_canid|2013.781	1824	0.2847058823529412	0.0	0.9616228070175439		0
PX734738|domestic_dog|2010.500	1824	0.2847058823529412	0.0	0.9616228070175439		0
PQ241494|domestic_dog|2023.759	1824	0.2847058823529412	0.0	0.9616228070175439		0
KX709880|domestic_dog|2012.544	1824	0.2847058823529412	0.0	0.9616228070175439		0
PZ043803|domestic_dog|2020.500	1824	0.2847058823529412	0.0	0.9616228070175439		0
PZ043807|domestic_dog|2020.500	1824	0.2847058823529412	0.0	0.9616228070175439		0
KX943320|domestic_dog|2016.046	1824	0.2847058823529412	0.0	0.9616228070175439		0
KP127965|wild_canid|2013.123	1824	0.2847058823529412	0.0	0.9616228070175439		0
KF880682|mustelid|2013.781	1824	0.2847058823529412	0.0	0.9616228070175439		0
KF880683|mustelid|2013.781	1824	0.2847058823529412	0.0	0.9616228070175439		0
JX886787|domestic_dog|2009.500	1544	0.39450980392156865	0.0	0.9617875647668394		0
MK037464|wild_felid|2018.500	1824	0.2847058823529412	0.005482456140350877	0.961962513781698		0
PV124384|domestic_dog|2022.500	1660	0.34901960784313724	0.0	0.9620481927710843		0
OR514514|domestic_dog|2021.500	1824	0.2847058823529412	0.0010964912280701754	0.9621295279912184		0
OR652078|domestic_dog|2023.000	1824	0.2847058823529412	0.0	0.962171052631579		0
OP546523|wild_canid|2021.500	1824	0.2847058823529412	0.0	0.962171052631579		0
OP546522|wild_canid|2021.500	1824	0.2847058823529412	0.0	0.962171052631579		0
MF926611|domestic_dog|2017.370	1824	0.2847058823529412	0.0	0.962171052631579		0
KJ437596|domestic_dog|2012.500	1824	0.2847058823529412	0.0	0.962171052631579		0
PX734735|domestic_dog|2016.500	1824	0.2847058823529412	0.0	0.962171052631579		0
OP546520|wild_canid|2021.500	1824	0.2847058823529412	0.0	0.962171052631579		0
PQ241495|domestic_dog|2023.888	1824	0.2847058823529412	0.0	0.962171052631579		0
EU296494|domestic_dog|2007.500	1824	0.2847058823529412	0.0	0.962171052631579		0
PQ241500|domestic_dog|2017.756	1824	0.2847058823529412	0.0	0.962171052631579		0
PV712679|domestic_dog|2023.685	1824	0.2847058823529412	0.0	0.962171052631579		0
OP546525|wild_canid|2021.500	1824	0.2847058823529412	0.0	0.962171052631579		0
OP546528|wild_canid|2021.500	1824	0.2847058823529412	0.0	0.962171052631579		0
OP546529|mustelid|2021.500	1824	0.2847058823529412	0.0	0.962171052631579		0
MT012802|domestic_dog|2012.500	1824	0.2847058823529412	0.0	0.962171052631579		0
OP546521|wild_canid|2021.500	1824	0.2847058823529412	0.0	0.962171052631579		0
PZ845994|domestic_dog|2021.455	1824	0.2847058823529412	0.0	0.962171052631579		0
EU325725|mustelid|2006.500	1824	0.2847058823529412	0.0	0.962171052631579		0
MH813463|domestic_dog|2015.863	1824	0.2847058823529412	0.0	0.962171052631579		0
MT350715|domestic_dog|2018.942	1824	0.2847058823529412	0.0	0.962171052631579		0
KX943324|domestic_dog|2015.400	1824	0.2847058823529412	0.0	0.962171052631579		0
PQ241486|domestic_dog|2022.556	1824	0.2847058823529412	0.0	0.962171052631579		0
MF100808|domestic_dog|2014.559	1824	0.2847058823529412	0.0	0.962171052631579		0
MF964185|domestic_dog|2016.500	1824	0.2847058823529412	0.0	0.962171052631579		0
KP127960|mustelid|2012.708	1824	0.2847058823529412	0.0	0.962171052631579		0
KY774571|domestic_dog|2016.790	1824	0.2847058823529412	0.0	0.962171052631579		0
KX347928|domestic_dog|2015.773	1824	0.2847058823529412	0.0	0.962171052631579		0
FJ461713|domestic_dog|2007.622	1824	0.2847058823529412	0.0	0.962171052631579		0
KC916714|wild_canid|2011.500	1824	0.2847058823529412	0.0	0.962171052631579		0
KU578254|wild_canid|2011.500	1824	0.2847058823529412	0.0	0.962171052631579		0
HM623893|domestic_dog|2009.288	1824	0.2847058823529412	0.0	0.962171052631579		0
MW013490|domestic_dog|2020.500	1824	0.2847058823529412	0.0	0.962171052631579		0
MW984536|mustelid|2016.301	1572	0.3835294117647059	0.0	0.962468193384224		0
MF926599|domestic_dog|2016.708	1946	0.23686274509803923	0.0	0.9624871531346352	internal_stop	42
OR514513|domestic_dog|2021.500	1824	0.2847058823529412	0.0010964912280701754	0.9626783754116356		0
MW013488|domestic_dog|2017.500	1824	0.2847058823529412	0.0	0.9627192982456141		0
MT292106|wild_felid|2019.500	1824	0.2847058823529412	0.0	0.9627192982456141		0
MK617351|domestic_dog|2017.500	1824	0.2847058823529412	0.0	0.9627192982456141		0
OR880598|domestic_dog|2023.159	1824	0.2847058823529412	0.0	0.9627192982456141		0
MF964180|domestic_dog|2016.500	1824	0.2847058823529412	0.0	0.9627192982456141		0
OR880599|domestic_dog|2023.159	1824	0.2847058823529412	0.0	0.9627192982456141		0
OR880600|domestic_dog|2023.159	1824	0.2847058823529412	0.0	0.9627192982456141		0
OR880601|domestic_dog|2023.159	1824	0.2847058823529412	0.0	0.9627192982456141		0
FJ461716|domestic_dog|2007.707	1824	0.2847058823529412	0.0	0.9627192982456141		0
HQ657209|domestic_dog|2010.500	1824	0.2847058823529412	0.0	0.9627192982456141		0
HQ128601|wild_canid|2010.370	1824	0.2847058823529412	0.0	0.9627192982456141		0
KU030832|domestic_dog|2015.288	1824	0.2847058823529412	0.0	0.9627192982456141		0
FJ461723|domestic_dog|2007.789	1824	0.2847058823529412	0.0	0.9627192982456141		0
OP546524|wild_canid|2021.500	1824	0.2847058823529412	0.0	0.9627192982456141		0
KC494688|mustelid|2012.724	1824	0.2847058823529412	0.0	0.9627192982456141		0
JX844220|mustelid|2012.511	1824	0.2847058823529412	0.0	0.9627192982456141		0
KP793921|ursid|2014.500	1824	0.2847058823529412	0.0	0.9627192982456141		0
KX943323|domestic_dog|2015.151	1824	0.2847058823529412	0.0	0.9627192982456141		0
MF663673|domestic_dog|2016.030	1824	0.2847058823529412	0.0	0.9627192982456141		0
KX943322|domestic_dog|2016.415	1824	0.2847058823529412	0.0	0.9627192982456141		0
KX943325|domestic_dog|2015.767	1824	0.2847058823529412	0.0	0.9627192982456141		0
PX734743|domestic_dog|2015.500	1824	0.2847058823529412	0.0	0.9627192982456141		0
PP498905|domestic_dog|2023.000	1824	0.2847058823529412	0.0	0.9627192982456141		0
PX789678|domestic_dog|2021.041	1824	0.2847058823529412	0.0	0.9627192982456141		0
LC159583|domestic_dog|2013.795	1824	0.2847058823529412	0.0	0.9627192982456141		0
LC159585|domestic_dog|2014.071	1824	0.2847058823529412	0.0	0.9627192982456141		0
OR652076|domestic_dog|2023.000	1824	0.2847058823529412	0.0	0.9627192982456141		0
PX734741|domestic_dog|2014.500	1824	0.2847058823529412	0.0	0.9627192982456141		0
PX734740|domestic_dog|2015.500	1824	0.2847058823529412	0.0	0.9627192982456141		0
MF663674|domestic_dog|2016.025	1824	0.2847058823529412	0.0	0.9627192982456141		0
MW600730|domestic_dog|2020.940	1824	0.2847058823529412	0.0	0.9627192982456141		0
MF100804|domestic_dog|2015.290	1824	0.2847058823529412	0.0	0.9627192982456141		0
PV712677|domestic_dog|2023.608	1824	0.2847058823529412	0.0	0.9627192982456141		0
PZ845991|domestic_dog|2021.455	1824	0.2847058823529412	0.0	0.9627192982456141		0
FJ423605|wild_canid|2008.500	1824	0.2847058823529412	0.0	0.9627192982456141		0
PZ043804|domestic_dog|2020.500	1824	0.2847058823529412	0.0	0.9627192982456141		0
ON929300|domestic_dog|2019.500	1824	0.2847058823529412	0.0	0.9627192982456141		0
MW048557|domestic_dog|2018.500	1824	0.2847058823529412	0.0	0.9627192982456141		0
MW048558|domestic_dog|2020.500	1824	0.2847058823529412	0.0	0.9627192982456141		0
MW020699|domestic_dog|2018.500	1824	0.2847058823529412	0.0	0.9627192982456141		0
PQ241498|domestic_dog|2018.589	1824	0.2847058823529412	0.0	0.9627192982456141		0
KY774576|domestic_dog|2016.790	1824	0.2847058823529412	0.0	0.9627192982456141		0
PZ845992|domestic_dog|2021.455	1824	0.2847058823529412	0.0	0.9627192982456141		0
PZ845993|domestic_dog|2021.455	1824	0.2847058823529412	0.0	0.9627192982456141		0
PX904028|domestic_dog|2022.500	1671	0.3447058823529412	0.0	0.9628964691801316		0
MF926600|domestic_dog|2016.708	1946	0.23686274509803923	0.0	0.9630010277492291	internal_stop	42
MF926597|domestic_dog|2016.874	1946	0.23686274509803923	0.0	0.9630010277492291	internal_stop	41
MH118279|domestic_dog|2017.500	1812	0.28941176470588237	0.0	0.9630242825607064		0
MH118275|domestic_dog|2017.500	1815	0.28823529411764703	0.0	0.9630853994490358		0
KU052893|domestic_dog|2014.500	1742	0.3168627450980392	0.0	0.9632606199770379		0
PZ845989|domestic_dog|2020.623	1824	0.2847058823529412	0.0	0.9632675438596491		0
KC916715|wild_canid|2007.500	1824	0.2847058823529412	0.0	0.9632675438596491		0
PZ845988|domestic_dog|2020.623	1824	0.2847058823529412	0.0	0.9632675438596491		0
PZ845990|domestic_dog|2020.623	1824	0.2847058823529412	0.0	0.9632675438596491		0
MT012803|domestic_dog|2017.500	1824	0.2847058823529412	0.0	0.9632675438596491		0
HM623891|domestic_dog|2009.288	1824	0.2847058823529412	0.0	0.9632675438596491		0
KY774575|domestic_dog|2016.790	1824	0.2847058823529412	0.0	0.9632675438596491		0
PX734750|domestic_dog|2009.500	1824	0.2847058823529412	0.0	0.9632675438596491		0
KX943326|domestic_dog|2015.803	1824	0.2847058823529412	0.0	0.9632675438596491		0
MF926605|domestic_dog|2017.041	1824	0.2847058823529412	0.0	0.9632675438596491		0
KP769803|ursid|2014.997	1824	0.2847058823529412	0.0	0.9632675438596491		0
PQ241492|domestic_dog|2017.677	1824	0.2847058823529412	0.0	0.9632675438596491		0
KY774578|domestic_dog|2016.790	1824	0.2847058823529412	0.0	0.9632675438596491		0
KY971528|wild_canid|2016.331	1824	0.2847058823529412	0.0	0.9632675438596491		0
KF767692|wild_canid|2013.597	1824	0.2847058823529412	0.0	0.9632675438596491		0
MF100809|domestic_dog|2013.671	1824	0.2847058823529412	0.0	0.9632675438596491		0
HQ850147|domestic_dog|2008.708	1824	0.2847058823529412	0.0	0.9632675438596491		0
HM623895|domestic_dog|2009.288	1824	0.2847058823529412	0.0	0.9632675438596491		0
PP977570|domestic_dog|2019.500	1824	0.2847058823529412	0.0	0.9632675438596491		0
ON929298|domestic_dog|2019.500	1824	0.2847058823529412	0.0	0.9632675438596491		0
MW239877|domestic_dog|2020.656	1824	0.2847058823529412	0.0	0.9632675438596491		0
MW048559|domestic_dog|2020.500	1824	0.2847058823529412	0.0	0.9632675438596491		0
MF100798|domestic_dog|2016.489	1824	0.2847058823529412	0.0	0.9632675438596491		0
MH118277|domestic_dog|2017.500	1812	0.28941176470588237	0.0	0.9635761589403974		0
MG797669|domestic_dog|2017.500	1678	0.3419607843137255	0.0	0.9636471990464839		0
OR652073|domestic_dog|2023.000	1791	0.29764705882352943	0.0	0.9637074260189838		0
OR652071|domestic_dog|2023.000	1822	0.28549019607843135	0.0	0.9637760702524698		0
JX844221|wild_canid|2012.593	1824	0.2847058823529412	0.0	0.9638157894736842		0
LC159587|domestic_dog|2014.622	1824	0.2847058823529412	0.0	0.9638157894736842		0
OR515839|wild_canid|2019.500	1824	0.2847058823529412	0.0	0.9638157894736842		0
JQ732175|domestic_dog|2011.500	1824	0.2847058823529412	0.0	0.9638157894736842		0
KX943321|domestic_dog|2016.492	1824	0.2847058823529412	0.0	0.9638157894736842		0
HQ128599|domestic_dog|2010.370	1824	0.2847058823529412	0.0	0.9638157894736842		0
PX734734|domestic_dog|2006.500	1824	0.2847058823529412	0.0	0.9638157894736842		0
FJ461705|domestic_dog|2007.707	1824	0.2847058823529412	0.0	0.9638157894736842		0
KJ437594|domestic_dog|2011.500	1824	0.2847058823529412	0.0	0.9638157894736842		0
MN296413|domestic_dog|2011.500	1824	0.2847058823529412	0.0	0.9638157894736842		0
MW013491|domestic_dog|2018.500	1824	0.2847058823529412	0.0	0.9638157894736842		0
FJ461699|domestic_dog|2007.622	1824	0.2847058823529412	0.0	0.9638157894736842		0
FJ461715|domestic_dog|2007.622	1824	0.2847058823529412	0.0	0.9638157894736842		0
PQ241497|domestic_dog|2019.178	1824	0.2847058823529412	0.0	0.9638157894736842		0
LC342298|procyonid|2016.202	1824	0.2847058823529412	0.0	0.9638157894736842		0
KU983520|domestic_dog|2014.789	1824	0.2847058823529412	0.0	0.9638157894736842		0
MF926609|domestic_dog|2017.370	1824	0.2847058823529412	0.0	0.9638157894736842		0
MK617352|domestic_dog|2017.500	1824	0.2847058823529412	0.0	0.9638157894736842		0
PX656920|domestic_dog|2021.816	1824	0.2847058823529412	0.0	0.9638157894736842		0
MF471690|mustelid|2014.500	1824	0.2847058823529412	0.0	0.9638157894736842		0
JX844219|wild_canid|2012.601	1824	0.2847058823529412	0.0	0.9638157894736842		0
KX545421|wild_canid|2016.087	1824	0.2847058823529412	0.0	0.9638157894736842		0
FJ461696|domestic_dog|2007.622	1824	0.2847058823529412	0.0	0.9638157894736842		0
KU052892|domestic_dog|2014.500	1742	0.3168627450980392	0.0	0.9638346727898967		0
MW984534|mustelid|2016.336	1674	0.34352941176470586	0.0	0.96415770609319		0
FJ011005|domestic_dog|2005.789	1821	0.2858823529411765	0.0	0.9643053267435475		0
OR529780|wild_canid|2015.500	1824	0.2847058823529412	0.0	0.9643640350877193		0
FJ848531|domestic_dog|2008.328	1824	0.2847058823529412	0.0	0.9643640350877193	internal_stop	1
FJ461706|domestic_dog|2007.707	1824	0.2847058823529412	0.0	0.9643640350877193		0
FJ461720|domestic_dog|2007.622	1824	0.2847058823529412	0.0	0.9643640350877193		0
FJ461714|domestic_dog|2007.622	1824	0.2847058823529412	0.0	0.9643640350877193		0
OR515841|wild_canid|2019.500	1824	0.2847058823529412	0.0	0.9643640350877193		0
JQ732176|domestic_dog|2005.500	1824	0.2847058823529412	0.0	0.9643640350877193		0
OR515843|wild_canid|2022.500	1824	0.2847058823529412	0.0	0.9643640350877193		0
FJ392651|domestic_dog|2005.500	1824	0.2847058823529412	0.0	0.9643640350877193		0
MK037465|wild_felid|2018.500	1824	0.2847058823529412	0.0	0.9643640350877193		0
MK037469|wild_felid|2018.500	1824	0.2847058823529412	0.0	0.9643640350877193		0
MK617348|domestic_dog|2017.500	1824	0.2847058823529412	0.0	0.9643640350877193		0
MK617350|domestic_dog|2017.500	1824	0.2847058823529412	0.0	0.9643640350877193		0
OP209186|mustelid|2018.932	1824	0.2847058823529412	0.0	0.9643640350877193		0
MK037463|wild_felid|2018.500	1824	0.2847058823529412	0.0	0.9643640350877193		0
MK037462|wild_felid|2018.500	1824	0.2847058823529412	0.0	0.9643640350877193		0
MH496776|domestic_dog|2014.500	1824	0.2847058823529412	0.0	0.9643640350877193		0
MK037461|wild_felid|2018.500	1824	0.2847058823529412	0.0	0.9643640350877193		0
MK037460|wild_felid|2018.500	1824	0.2847058823529412	0.0	0.9643640350877193		0
MK037459|wild_felid|2018.500	1824	0.2847058823529412	0.0	0.9643640350877193		0
MK037467|wild_felid|2018.500	1824	0.2847058823529412	0.0	0.9643640350877193		0
MK037468|wild_felid|2018.500	1824	0.2847058823529412	0.0	0.9643640350877193		0
MK037466|wild_felid|2018.500	1824	0.2847058823529412	0.0	0.9643640350877193		0
GQ332533|domestic_dog|2008.372	1824	0.2847058823529412	0.0	0.9643640350877193		0
FJ461719|domestic_dog|2007.707	1824	0.2847058823529412	0.0	0.9643640350877193		0
PX656922|domestic_dog|2011.553	1824	0.2847058823529412	0.0	0.9643640350877193		0
OR652072|domestic_dog|2023.000	1824	0.2847058823529412	0.0	0.9643640350877193		0
KX371586|domestic_dog|2016.145	1824	0.2847058823529412	0.0	0.9643640350877193		0
MF926608|domestic_dog|2017.288	1824	0.2847058823529412	0.0	0.9643640350877193		0
PX656916|domestic_dog|2018.816	1824	0.2847058823529412	0.0	0.9643640350877193		0
EU325731|mustelid|2007.500	1824	0.2847058823529412	0.0	0.9643640350877193		0
OR515849|wild_canid|2023.500	1824	0.2847058823529412	0.0	0.9643640350877193		0
MF926607|domestic_dog|2017.203	1824	0.2847058823529412	0.0	0.9643640350877193		0
HQ128600|domestic_dog|2010.370	1824	0.2847058823529412	0.0	0.9643640350877193		0
OR515845|wild_canid|2022.500	1824	0.2847058823529412	0.0	0.9643640350877193		0
KT119347|domestic_dog|2015.011	1824	0.2847058823529412	0.0	0.9643640350877193		0
KU847961|domestic_dog|2015.500	1824	0.2847058823529412	0.0	0.9643640350877193		0
OR515851|wild_canid|2022.500	1824	0.2847058823529412	0.0	0.9643640350877193		0
FJ423607|domestic_dog|2008.500	1824	0.2847058823529412	0.0	0.9643640350877193		0
OR515848|wild_canid|2023.500	1824	0.2847058823529412	0.0	0.9643640350877193		0
OR515850|wild_canid|2023.500	1824	0.2847058823529412	0.0	0.9643640350877193		0
OR515838|wild_canid|2019.500	1824	0.2847058823529412	0.0	0.9643640350877193		0
EU296484|domestic_dog|2006.500	1824	0.2847058823529412	0.0	0.9643640350877193		0
OR515840|wild_canid|2019.500	1824	0.2847058823529412	0.0	0.9643640350877193		0
PX954424|wild_canid|2024.407	1824	0.2847058823529412	0.0	0.9643640350877193		0
FJ461698|domestic_dog|2007.622	1824	0.2847058823529412	0.0	0.9643640350877193		0
OR652077|domestic_dog|2023.000	1824	0.2847058823529412	0.0	0.9643640350877193		0
FJ461718|domestic_dog|2007.622	1824	0.2847058823529412	0.0	0.9643640350877193		0
FJ461722|domestic_dog|2007.789	1824	0.2847058823529412	0.0	0.9643640350877193		0
JQ732174|wild_canid|2010.500	1824	0.2847058823529412	0.0	0.9643640350877193		0
KP765764|wild_canid|2010.500	1824	0.2847058823529412	0.0	0.9643640350877193		0
MF100799|domestic_dog|2016.426	1824	0.2847058823529412	0.0	0.9643640350877193		0
JX844218|wild_canid|2011.627	1824	0.2847058823529412	0.0	0.9643640350877193		0
KP872502|wild_canid|2010.789	1824	0.2847058823529412	0.0	0.9643640350877193		0
MF100803|domestic_dog|2015.290	1824	0.2847058823529412	0.0	0.9643640350877193		0
JQ732172|domestic_dog|2010.500	1824	0.2847058823529412	0.0	0.9643640350877193		0
JX886786|domestic_dog|2010.500	1544	0.39450980392156865	0.0	0.9643782383419689		0
JN836737|mustelid|2009.723	1803	0.29294117647058826	0.013865779256794232	0.9645669291338582		0
OP561470|domestic_dog|2020.331	1778	0.3027450980392157	0.0	0.9645669291338582		0
OP561471|domestic_dog|2020.331	1778	0.3027450980392157	0.0	0.9645669291338582		0
KP756699|wild_canid|2011.500	1695	0.3352941176470588	0.0	0.9646017699115044		0
PX904029|domestic_dog|2022.500	1671	0.3447058823529412	0.0	0.964691801316577		0
MG922459|domestic_dog|2016.951	1785	0.3	0.0	0.9647058823529412		0
MW048556|domestic_dog|2018.500	1824	0.2847058823529412	0.0	0.9649122807017544		0
KX371584|domestic_dog|2016.019	1824	0.2847058823529412	0.0	0.9649122807017544		0
EU296490|domestic_dog|2005.500	1824	0.2847058823529412	0.0	0.9649122807017544		0
MF926606|domestic_dog|2017.203	1824	0.2847058823529412	0.0	0.9649122807017544		0
EU296481|domestic_dog|2005.500	1824	0.2847058823529412	0.0	0.9649122807017544		0
GQ332530|domestic_dog|2008.372	1824	0.2847058823529412	0.0	0.9649122807017544		0
OR515829|wild_canid|2015.500	1824	0.2847058823529412	0.0	0.9649122807017544		0
OR515830|wild_canid|2015.500	1824	0.2847058823529412	0.0	0.9649122807017544		0
FJ848532|domestic_dog|2008.071	1824	0.2847058823529412	0.0	0.9649122807017544		0
FJ848534|domestic_dog|2008.342	1824	0.2847058823529412	0.0	0.9649122807017544		0
OR515846|wild_canid|2022.500	1824	0.2847058823529412	0.0	0.9649122807017544		0
OR733214|wild_canid|2023.699	1824	0.2847058823529412	0.0	0.9649122807017544		0
OR733215|wild_canid|2023.699	1824	0.2847058823529412	0.0	0.9649122807017544		0
AY964112|ref_Arctic-like|NA	1824	0.2847058823529412	0.0	0.9649122807017544		0
AY964108|ref_Arctic-like|NA	1824	0.2847058823529412	0.0	0.9649122807017544		0
OP209187|mustelid|2019.230	1824	0.2847058823529412	0.0	0.9649122807017544		0
OR515847|wild_canid|2022.500	1824	0.2847058823529412	0.0	0.9649122807017544		0
OR515844|wild_canid|2022.500	1824	0.2847058823529412	0.0	0.9649122807017544		0
OR529781|wild_canid|2015.500	1824	0.2847058823529412	0.0	0.9649122807017544		0
OR515842|wild_canid|2021.500	1824	0.2847058823529412	0.0	0.9649122807017544		0
OR529789|wild_canid|2017.500	1824	0.2847058823529412	0.0	0.9649122807017544	internal_stop	1
OR515853|wild_canid|2015.500	1824	0.2847058823529412	0.0	0.9649122807017544		0
PX656921|domestic_dog|2021.901	1824	0.2847058823529412	0.0	0.9649122807017544		0
PX656919|domestic_dog|2021.803	1824	0.2847058823529412	0.0	0.9649122807017544		0
PQ241496|domestic_dog|2023.690	1824	0.2847058823529412	0.0	0.9649122807017544		0
FJ461721|domestic_dog|2007.707	1824	0.2847058823529412	0.0	0.9649122807017544		0
FJ461695|domestic_dog|2007.707	1824	0.2847058823529412	0.0	0.9649122807017544		0
FJ461697|domestic_dog|2007.622	1824	0.2847058823529412	0.0	0.9649122807017544		0
FJ461704|domestic_dog|2007.707	1824	0.2847058823529412	0.0	0.9649122807017544		0
PX445144|wild_canid|2018.288	1824	0.2847058823529412	0.0	0.9649122807017544		0
MF964190|viverrid|2016.500	1824	0.2847058823529412	0.0	0.9649122807017544		0
EU325721|wild_canid|2007.500	1824	0.2847058823529412	0.0	0.9649122807017544		0
PX656924|domestic_dog|2024.637	1824	0.2847058823529412	0.0	0.9649122807017544		0
KU983522|domestic_dog|2014.874	1824	0.2847058823529412	0.0	0.9649122807017544		0
ON533743|domestic_dog|2014.500	1824	0.2847058823529412	0.0	0.9649122807017544		0
JX886776|domestic_dog|2010.500	1544	0.39450980392156865	0.0	0.9650259067357513		0
JX886785|domestic_dog|2010.500	1544	0.39450980392156865	0.0	0.9650259067357513		0
JX886774|domestic_dog|2011.500	1544	0.39450980392156865	0.0	0.9650259067357513		0
PX610319|wild_felid|2020.500	1946	0.23686274509803923	0.0	0.9650565262076053	internal_stop	40
MH091812|domestic_dog|2017.500	1812	0.28941176470588237	0.0	0.9652317880794702		0
OR529782|wild_canid|2015.500	1824	0.2847058823529412	0.0	0.9654605263157895		0
OR515833|wild_canid|2017.500	1824	0.2847058823529412	0.0	0.9654605263157895		0
JQ732171|domestic_dog|2010.500	1824	0.2847058823529412	0.0	0.9654605263157895		0
EU325724|mustelid|2007.500	1824	0.2847058823529412	0.0	0.9654605263157895		0
OR515828|wild_canid|2015.500	1824	0.2847058823529412	0.0	0.9654605263157895		0
LC159586|domestic_dog|2014.652	1824	0.2847058823529412	0.0	0.9654605263157895		0
FJ461693|domestic_dog|2007.622	1824	0.2847058823529412	0.0	0.9654605263157895		0
FJ461703|domestic_dog|2007.622	1824	0.2847058823529412	0.0	0.9654605263157895		0
LC159584|domestic_dog|2014.030	1824	0.2847058823529412	0.0	0.9654605263157895		0
MG952927|domestic_dog|2012.456	1824	0.2847058823529412	0.0	0.9654605263157895		0
KJ848781|domestic_dog|2014.288	1824	0.2847058823529412	0.0	0.9654605263157895		0
JX276746|domestic_dog|2009.510	1824	0.2847058823529412	0.0	0.9654605263157895		0
OR529777|wild_canid|2015.500	1824	0.2847058823529412	0.0	0.9654605263157895		0
OR161408|wild_felid|2020.500	1824	0.2847058823529412	0.0	0.9654605263157895		0
GQ214373|domestic_dog|2003.500	1824	0.2847058823529412	0.0	0.9654605263157895		0
OR529786|wild_canid|2015.500	1824	0.2847058823529412	0.0	0.9654605263157895		0
EU325723|mustelid|2007.500	1824	0.2847058823529412	0.0	0.9654605263157895		0
GQ332535|domestic_dog|2008.372	1824	0.2847058823529412	0.0	0.9654605263157895		0
MT149210|viverrid|2017.041	1824	0.2847058823529412	0.0	0.9654605263157895		0
MK408453|mustelid|2017.455	1824	0.2847058823529412	0.0	0.9654605263157895		0
MW013489|domestic_dog|2018.500	1824	0.2847058823529412	0.0	0.9654605263157895		0
KU578253|wild_canid|2007.500	1824	0.2847058823529412	0.0	0.9654605263157895		0
PV806610|domestic_dog|2023.500	1824	0.2847058823529412	0.0	0.9654605263157895		0
JQ732177|domestic_dog|2011.500	1824	0.2847058823529412	0.0	0.9654605263157895		0
FJ851450|domestic_dog|2008.262	1824	0.2847058823529412	0.0	0.9654605263157895		0
MW036800|wild_canid|2019.500	1824	0.2847058823529412	0.0	0.9654605263157895		0
EU564812|domestic_dog|2007.500	1824	0.2847058823529412	0.0	0.9654605263157895		0
MF100807|domestic_dog|2014.729	1824	0.2847058823529412	0.0	0.9654605263157895		0
MF100805|domestic_dog|2015.238	1824	0.2847058823529412	0.0	0.9654605263157895		0
PQ241490|domestic_dog|2017.753	1824	0.2847058823529412	0.0	0.9654605263157895		0
OK557794|wild_canid|2021.500	1824	0.2847058823529412	0.0	0.9654605263157895		0
GQ214369|mustelid|2007.500	1824	0.2847058823529412	0.0	0.9654605263157895		0
OR529787|wild_canid|2015.500	1824	0.2847058823529412	0.0	0.9654605263157895		0
FJ705231|domestic_dog|2008.500	1824	0.2847058823529412	0.0	0.9654605263157895		0
KX499865|wild_canid|2015.500	1824	0.2847058823529412	0.0	0.9654605263157895		0
OR529788|wild_canid|2015.500	1824	0.2847058823529412	0.0	0.9654605263157895		0
MF100810|domestic_dog|2013.592	1824	0.2847058823529412	0.0	0.9654605263157895		0
MF964186|domestic_dog|2016.500	1824	0.2847058823529412	0.0	0.9654605263157895		0
OR123691|wild_felid|2016.377	1824	0.2847058823529412	0.0	0.9654605263157895		0
KY774577|domestic_dog|2016.790	1824	0.2847058823529412	0.0	0.9654605263157895		0
PV712668|domestic_dog|2022.564	1824	0.2847058823529412	0.0	0.9654605263157895		0
KC415047|viverrid|2011.707	1541	0.3956862745098039	0.0	0.9656067488643738		0
KC415046|viverrid|2011.707	1541	0.3956862745098039	0.0	0.9656067488643738		0
KC415049|viverrid|2011.707	1541	0.3956862745098039	0.0	0.9656067488643738		0
KC415048|viverrid|2011.707	1541	0.3956862745098039	0.0	0.9656067488643738		0
JN836735|mustelid|2009.323	1803	0.29294117647058826	0.0	0.9656128674431503		0
JN836734|mustelid|2009.326	1803	0.29294117647058826	0.0	0.9656128674431503		0
JN836736|mustelid|2009.723	1803	0.29294117647058826	0.0	0.9656128674431503		0
JX886777|domestic_dog|2010.500	1544	0.39450980392156865	0.0	0.9656735751295337		0
JX886782|domestic_dog|2009.500	1544	0.39450980392156865	0.0	0.9656735751295337		0
JX886778|domestic_dog|2011.500	1544	0.39450980392156865	0.0	0.9656735751295337		0
JX886788|domestic_dog|2009.500	1544	0.39450980392156865	0.0	0.9656735751295337		0
OP561468|domestic_dog|2020.331	1778	0.3027450980392157	0.0	0.9656917885264342		0
OP561479|domestic_dog|2020.331	1778	0.3027450980392157	0.0	0.9656917885264342		0
MT932491|domestic_dog|2013.863	1824	0.2847058823529412	0.4720394736842105	0.9657320872274143	ambiguous>5%	0
FJ977578|domestic_dog|2008.538	1672	0.34431372549019607	0.0	0.9659090909090909		0
OK557792|wild_canid|2021.500	1824	0.2847058823529412	0.0	0.9660087719298246		0
OK557791|wild_canid|2021.500	1824	0.2847058823529412	0.0	0.9660087719298246		0
OK557790|wild_canid|2021.500	1824	0.2847058823529412	0.0	0.9660087719298246		0
OK557784|wild_canid|2021.500	1824	0.2847058823529412	0.0	0.9660087719298246		0
MG952928|domestic_dog|2014.288	1824	0.2847058823529412	0.0	0.9660087719298246		0
OK557780|wild_canid|2021.500	1824	0.2847058823529412	0.0	0.9660087719298246		0
OK557779|wild_canid|2021.500	1824	0.2847058823529412	0.0	0.9660087719298246		0
OK557782|wild_canid|2021.500	1824	0.2847058823529412	0.0	0.9660087719298246		0
FJ810214|wild_canid|2008.500	1824	0.2847058823529412	0.0	0.9660087719298246		0
OP209185|mustelid|2021.164	1824	0.2847058823529412	0.0	0.9660087719298246		0
OK557788|wild_canid|2021.500	1824	0.2847058823529412	0.0	0.9660087719298246		0
FJ423608|wild_canid|2004.500	1824	0.2847058823529412	0.0	0.9660087719298246		0
OK557793|wild_canid|2021.500	1824	0.2847058823529412	0.0	0.9660087719298246		0
EU379560|mustelid|2007.500	1824	0.2847058823529412	0.0	0.9660087719298246		0
MW013486|domestic_dog|2019.500	1824	0.2847058823529412	0.0	0.9660087719298246		0
MG952929|domestic_dog|2010.874	1824	0.2847058823529412	0.0	0.9660087719298246		0
JN381191|domestic_dog|2011.370	1824	0.2847058823529412	0.0	0.9660087719298246		0
OK557789|wild_canid|2021.500	1824	0.2847058823529412	0.0	0.9660087719298246		0
PQ241485|domestic_dog|2022.381	1824	0.2847058823529412	0.0	0.9660087719298246		0
EU325726|wild_canid|2006.500	1824	0.2847058823529412	0.0	0.9660087719298246		0
OK557783|wild_canid|2021.500	1824	0.2847058823529412	0.0	0.9660087719298246		0
OR515835|wild_canid|2015.500	1824	0.2847058823529412	0.0	0.9660087719298246		0
MH496779|domestic_dog|2014.500	1824	0.2847058823529412	0.0	0.9660087719298246		0
OR515834|wild_canid|2015.500	1824	0.2847058823529412	0.0	0.9660087719298246		0
FJ851457|domestic_dog|2008.025	1824	0.2847058823529412	0.0	0.9660087719298246	internal_stop	1
OR529783|wild_canid|2015.500	1824	0.2847058823529412	0.0	0.9660087719298246		0
FJ851451|domestic_dog|2008.046	1824	0.2847058823529412	0.0	0.9660087719298246		0
FJ848536|domestic_dog|2008.295	1824	0.2847058823529412	0.0	0.9660087719298246		0
OR529784|wild_canid|2015.500	1824	0.2847058823529412	0.0	0.9660087719298246		0
KF835414|domestic_dog|2012.060	1824	0.2847058823529412	0.0	0.9660087719298246		0
MK423859|domestic_dog|2018.537	1824	0.2847058823529412	0.0	0.9660087719298246		0
KU983519|domestic_dog|2015.123	1824	0.2847058823529412	0.0	0.9660087719298246		0
OK557786|wild_canid|2021.500	1824	0.2847058823529412	0.0	0.9660087719298246		0
MF100800|domestic_dog|2016.145	1824	0.2847058823529412	0.0	0.9660087719298246		0
KU666057|procyonid|2012.896	1946	0.23686274509803923	0.0	0.9660842754367934	internal_stop	41
MH118274|domestic_dog|2017.500	1804	0.29254901960784313	0.0	0.9661862527716186		0
OP561474|domestic_dog|2020.331	1778	0.3027450980392157	0.0	0.9662542182227222		0
OP561477|domestic_dog|2020.331	1778	0.3027450980392157	0.0	0.9662542182227222		0
OP561475|domestic_dog|2020.331	1778	0.3027450980392157	0.0	0.9662542182227222		0
OP561484|domestic_dog|2020.331	1778	0.3027450980392157	0.0	0.9662542182227222		0
OP561486|domestic_dog|2020.331	1778	0.3027450980392157	0.0	0.9662542182227222		0
OP561464|domestic_dog|2020.331	1778	0.3027450980392157	0.0	0.9662542182227222		0
OP561485|domestic_dog|2020.331	1778	0.3027450980392157	0.0	0.9662542182227222		0
JX886781|domestic_dog|2009.500	1544	0.39450980392156865	0.0	0.966321243523316		0
JX886783|domestic_dog|2010.500	1544	0.39450980392156865	0.0	0.966321243523316		0
KC590510|domestic_dog|2012.628	1812	0.28941176470588237	0.0	0.9663355408388521		0
FJ694852|domestic_dog|2008.500	1758	0.31058823529411766	0.0	0.9664391353811149		0
FJ694853|domestic_dog|2008.500	1758	0.31058823529411766	0.0	0.9664391353811149		0
LC007974|wild_canid|2010.899	1824	0.2847058823529412	0.0	0.9665570175438597		0
KY774574|domestic_dog|2016.790	1824	0.2847058823529412	0.0	0.9665570175438597		0
OR492629|wild_canid|2014.500	1824	0.2847058823529412	0.0	0.9665570175438597		0
OR529785|wild_canid|2015.500	1824	0.2847058823529412	0.0	0.9665570175438597		0
OR515836|wild_canid|2019.500	1824	0.2847058823529412	0.0	0.9665570175438597		0
OR515837|wild_canid|2019.500	1824	0.2847058823529412	0.0	0.9665570175438597		0
OR529779|wild_canid|2015.500	1824	0.2847058823529412	0.0	0.9665570175438597		0
OR529775|wild_canid|2014.500	1824	0.2847058823529412	0.0	0.9665570175438597		0
FJ405224|primate|2008.634	1824	0.2847058823529412	0.0	0.9665570175438597		0
LC007976|wild_canid|2012.735	1824	0.2847058823529412	0.0	0.9665570175438597		0
FJ405223|primate|2008.634	1824	0.2847058823529412	0.0	0.9665570175438597		0
KF835425|domestic_dog|2012.377	1824	0.2847058823529412	0.0	0.9665570175438597		0
FJ705234|domestic_dog|2008.500	1824	0.2847058823529412	0.0	0.9665570175438597		0
FJ705233|domestic_dog|2008.500	1824	0.2847058823529412	0.0	0.9665570175438597		0
KF835420|domestic_dog|2012.238	1824	0.2847058823529412	0.0	0.9665570175438597		0
KX371588|domestic_dog|2016.210	1824	0.2847058823529412	0.0	0.9665570175438597		0
MF100806|domestic_dog|2015.219	1824	0.2847058823529412	0.0	0.9665570175438597		0
FJ851458|domestic_dog|2008.500	1824	0.2847058823529412	0.0	0.9665570175438597		0
HM749644|domestic_dog|2009.203	1824	0.2847058823529412	0.0	0.9665570175438597		0
FJ851453|domestic_dog|2008.158	1824	0.2847058823529412	0.0	0.9665570175438597		0
FJ851455|domestic_dog|2008.309	1824	0.2847058823529412	0.0	0.9665570175438597		0
PX789675|wild_canid|2019.304	1824	0.2847058823529412	0.0	0.9665570175438597		0
MW036777|wild_canid|2019.500	1824	0.2847058823529412	0.0	0.9665570175438597		0
AB687721|primate|2008.538	1824	0.2847058823529412	0.0	0.9665570175438597		0
JF343962|domestic_dog|2009.800	1824	0.2847058823529412	0.0	0.9665570175438597		0
FJ810213|wild_canid|2008.500	1824	0.2847058823529412	0.0	0.9665570175438597		0
EU296488|domestic_dog|2005.500	1824	0.2847058823529412	0.0	0.9665570175438597		0
EU564813|domestic_dog|2007.500	1824	0.2847058823529412	0.0	0.9665570175438597		0
OR529776|wild_canid|2015.500	1824	0.2847058823529412	0.0	0.9665570175438597		0
OK557785|wild_canid|2021.500	1824	0.2847058823529412	0.0	0.9665570175438597		0
OK557795|wild_canid|2021.500	1824	0.2847058823529412	0.0	0.9665570175438597		0
OK557781|wild_canid|2021.500	1824	0.2847058823529412	0.0	0.9665570175438597		0
KF835421|domestic_dog|2012.279	1824	0.2847058823529412	0.0	0.9665570175438597		0
KF835418|domestic_dog|2012.232	1824	0.2847058823529412	0.0	0.9665570175438597		0
OR515832|wild_canid|2016.500	1824	0.2847058823529412	0.0	0.9665570175438597		0
OR515852|wild_canid|2023.500	1824	0.2847058823529412	0.0	0.9665570175438597		0
KJ160517|domestic_dog|2011.041	1800	0.29411764705882354	0.0	0.9666666666666667		0
OP561466|domestic_dog|2020.331	1778	0.3027450980392157	0.0	0.9668166479190101		0
OP561488|domestic_dog|2020.331	1778	0.3027450980392157	0.0	0.9668166479190101		0
OP561465|domestic_dog|2020.331	1778	0.3027450980392157	0.0	0.9668166479190101		0
OP561482|domestic_dog|2020.331	1778	0.3027450980392157	0.0	0.9668166479190101		0
OP561469|domestic_dog|2020.331	1778	0.3027450980392157	0.0	0.9668166479190101		0
OP561483|domestic_dog|2020.331	1778	0.3027450980392157	0.0	0.9668166479190101		0
OP561480|domestic_dog|2020.331	1778	0.3027450980392157	0.0	0.9668166479190101		0
KC257464|domestic_dog|2010.500	1812	0.28941176470588237	0.0	0.9668874172185431		0
MH118278|domestic_dog|2017.500	1812	0.28941176470588237	0.0	0.9668874172185431		0
PZ766577|wild_canid|2024.500	1785	0.3	0.0	0.9669467787114846		0
PZ766576|wild_canid|2024.500	1785	0.3	0.0	0.9669467787114846		0
PZ766578|wild_canid|2024.500	1785	0.3	0.0	0.9669467787114846		0
MW984527|wild_felid|2015.951	1821	0.2858823529411765	0.0	0.9670510708401977		0
MT119980|domestic_dog|2019.288	1700	0.3333333333333333	0.0	0.9670588235294117	internal_stop	34
MW036787|mustelid|2019.500	1824	0.2847058823529412	0.0005482456140350877	0.9670872188699945		0
MH496778|domestic_dog|2014.500	1824	0.2847058823529412	0.0	0.9671052631578947		0
FJ848533|domestic_dog|2008.232	1824	0.2847058823529412	0.0	0.9671052631578947	internal_stop	1
KJ489382|domestic_dog|2012.500	1824	0.2847058823529412	0.0	0.9671052631578947		0
FJ851454|domestic_dog|2008.186	1824	0.2847058823529412	0.0	0.9671052631578947		0
EU934233|wild_canid|2006.622	1824	0.2847058823529412	0.0	0.9671052631578947		0
HM448829|wild_canid|2009.630	1824	0.2847058823529412	0.0	0.9671052631578947		0
KU578255|other|1994.500	1824	0.2847058823529412	0.0	0.9671052631578947		0
HQ540293|wild_canid|2006.500	1824	0.2847058823529412	0.0	0.9671052631578947		0
MH430948|domestic_dog|2016.500	1824	0.2847058823529412	0.0	0.9671052631578947		0
KC916717|other|1994.500	1824	0.2847058823529412	0.0	0.9671052631578947		0
EU325730|wild_canid|2007.500	1824	0.2847058823529412	0.0	0.9671052631578947		0
FJ810215|wild_canid|2008.500	1824	0.2847058823529412	0.0	0.9671052631578947		0
KJ437595|domestic_dog|2012.500	1824	0.2847058823529412	0.0	0.9671052631578947		0
KM923900|primate|2008.708	1824	0.2847058823529412	0.0	0.9671052631578947		0
JX681125|wild_canid|2006.537	1824	0.2847058823529412	0.0	0.9671052631578947		0
PP894823|wild_felid|2019.551	1824	0.2847058823529412	0.0	0.9671052631578947		0
ON533741|domestic_dog|2012.500	1824	0.2847058823529412	0.0	0.9671052631578947		0
FJ535063|domestic_dog|2008.230	1824	0.2847058823529412	0.0	0.9671052631578947		0
LC007975|wild_canid|2011.263	1824	0.2847058823529412	0.0	0.9671052631578947		0
EU296485|domestic_dog|2006.500	1824	0.2847058823529412	0.0	0.9671052631578947		0
ON093253|domestic_dog|2016.500	1824	0.2847058823529412	0.0	0.9671052631578947		0
KJ437593|domestic_dog|2012.500	1824	0.2847058823529412	0.0	0.9671052631578947		0
FJ409464|domestic_dog|2008.500	1824	0.2847058823529412	0.0	0.9671052631578947		0
KF856711|primate|2006.500	1824	0.2847058823529412	0.0	0.9671052631578947		0
FJ423604|wild_canid|2008.500	1824	0.2847058823529412	0.0	0.9671052631578947		0
MF100802|domestic_dog|2015.578	1824	0.2847058823529412	0.0	0.9671052631578947		0
JQ732173|wild_canid|2006.500	1824	0.2847058823529412	0.0	0.9671052631578947		0
KJ489381|domestic_dog|2012.500	1824	0.2847058823529412	0.0	0.9671052631578947		0
MW036781|mustelid|2019.500	1824	0.2847058823529412	0.0	0.9671052631578947		0
PX656914|domestic_dog|2012.238	1824	0.2847058823529412	0.0	0.9671052631578947		0
JF283476|domestic_dog|2010.500	1587	0.3776470588235294	0.0	0.9672337744171392		0
JX912971|domestic_dog|2010.500	1803	0.29294117647058826	0.0	0.9672767609539656		0
KC257463|domestic_dog|2010.500	1812	0.28941176470588237	0.0	0.967439293598234		0
PZ766575|wild_canid|2024.500	1785	0.3	0.0	0.9675070028011205		0
MN208239|other|2017.500	1820	0.28627450980392155	0.0	0.9675824175824176	internal_stop	39
MW984531|wild_felid|2015.989	1821	0.2858823529411765	0.0	0.9676002196595277		0
MH810099|domestic_dog|2017.970	1947	0.23647058823529413	0.0005136106831022085	0.9676258992805755	internal_stop	37
PX610320|wild_canid|2015.500	1946	0.23686274509803923	0.0	0.9676258992805755	internal_stop	40
GQ332532|domestic_dog|2008.372	1824	0.2847058823529412	0.0	0.9676535087719298		0
JN812975|wild_felid|1994.500	1824	0.2847058823529412	0.0	0.9676535087719298		0
FJ848535|domestic_dog|2008.262	1824	0.2847058823529412	0.0	0.9676535087719298		0
EU296487|domestic_dog|2005.500	1824	0.2847058823529412	0.0	0.9676535087719298		0
HM448832|wild_canid|2009.630	1824	0.2847058823529412	0.0	0.9676535087719298		0
FJ705232|domestic_dog|2008.500	1824	0.2847058823529412	0.0	0.9676535087719298		0
FJ851456|domestic_dog|2008.317	1824	0.2847058823529412	0.0	0.9676535087719298		0
MF766023|domestic_dog|2008.500	1824	0.2847058823529412	0.0	0.9676535087719298		0
KU521346|domestic_dog|2015.123	1824	0.2847058823529412	0.0	0.9676535087719298		0
KJ466106|wild_canid|2012.500	1824	0.2847058823529412	0.0	0.9676535087719298		0
OL795426|wild_canid|2015.500	1824	0.2847058823529412	0.0	0.9676535087719298		0
ON533748|domestic_dog|2015.500	1824	0.2847058823529412	0.0	0.9676535087719298		0
MF100811|domestic_dog|2013.200	1824	0.2847058823529412	0.0	0.9676535087719298		0
OR515831|domestic_dog|2015.500	1824	0.2847058823529412	0.0	0.9676535087719298		0
OL795423|wild_canid|2016.500	1824	0.2847058823529412	0.0	0.9676535087719298		0
KY774573|domestic_dog|2016.790	1824	0.2847058823529412	0.0	0.9676535087719298		0
KF835424|domestic_dog|2012.352	1824	0.2847058823529412	0.0	0.9676535087719298		0
KF835412|domestic_dog|2012.052	1824	0.2847058823529412	0.0	0.9676535087719298		0
OL912949|wild_canid|2021.718	1824	0.2847058823529412	0.0	0.9676535087719298		0
ON533742|domestic_dog|2014.500	1824	0.2847058823529412	0.0	0.9676535087719298		0
ON533745|domestic_dog|2015.500	1824	0.2847058823529412	0.0	0.9676535087719298		0
OR529778|wild_canid|2015.500	1824	0.2847058823529412	0.0	0.9676535087719298		0
GQ214374|mustelid|2006.500	1824	0.2847058823529412	0.0	0.9676535087719298		0
AB687720|primate|2008.538	1824	0.2847058823529412	0.0	0.9676535087719298		0
EU296486|domestic_dog|2006.500	1824	0.2847058823529412	0.0	0.9676535087719298		0
EU325729|wild_canid|2007.500	1824	0.2847058823529412	0.0	0.9676535087719298		0
HM448833|wild_canid|2009.764	1824	0.2847058823529412	0.0	0.9676535087719298		0
HM448830|wild_canid|2009.630	1824	0.2847058823529412	0.0	0.9676535087719298		0
MN044699|wild_canid|2018.121	1704	0.33176470588235296	0.0	0.9677230046948356		0
MW984533|procyonid|2016.322	1674	0.34352941176470586	0.0	0.967741935483871		0
OP561478|domestic_dog|2020.331	1778	0.3027450980392157	0.0	0.967941507311586		0
OP561473|domestic_dog|2020.331	1778	0.3027450980392157	0.0	0.967941507311586		0
OP561463|domestic_dog|2020.331	1778	0.3027450980392157	0.0	0.967941507311586		0
OP561461|domestic_dog|2020.331	1778	0.3027450980392157	0.0	0.967941507311586		0
OP561467|domestic_dog|2020.331	1778	0.3027450980392157	0.0	0.967941507311586		0
MW984528|wild_felid|2015.858	1821	0.2858823529411765	0.0	0.9681493684788578		0
MW984526|wild_felid|2015.816	1821	0.2858823529411765	0.0	0.9681493684788578		0
MW984525|wild_felid|2015.816	1821	0.2858823529411765	0.0	0.9681493684788578		0
MW984529|wild_felid|2015.874	1821	0.2858823529411765	0.0	0.9681493684788578		0
MW984532|wild_felid|2015.964	1821	0.2858823529411765	0.0	0.9681493684788578		0
MW984530|wild_felid|2015.912	1821	0.2858823529411765	0.0	0.9681493684788578		0
MT119978|domestic_dog|2019.288	1792	0.2972549019607843	0.0	0.9681919642857143	internal_stop	37
EU325722|wild_canid|2006.500	1824	0.2847058823529412	0.0	0.9682017543859649		0
MT932509|procyonid|2013.230	1824	0.2847058823529412	0.0	0.9682017543859649		0
OK557797|wild_canid|2021.500	1824	0.2847058823529412	0.0	0.9682017543859649		0
PX789677|mustelid|2019.427	1824	0.2847058823529412	0.0	0.9682017543859649		0
PX656913|domestic_dog|2012.224	1824	0.2847058823529412	0.0	0.9682017543859649		0
MK423863|domestic_dog|2018.537	1824	0.2847058823529412	0.0	0.9682017543859649		0
MN824467|procyonid|2018.500	1824	0.2847058823529412	0.0	0.9682017543859649		0
EU296489|domestic_dog|2005.500	1824	0.2847058823529412	0.0	0.9682017543859649		0
AB605890|wild_canid|2008.041	1824	0.2847058823529412	0.0	0.9682017543859649		0
KF006820|mustelid|2013.082	1824	0.2847058823529412	0.0	0.9682017543859649		0
KF006819|procyonid|2013.079	1824	0.2847058823529412	0.0	0.9682017543859649		0
EU684265|domestic_dog|2007.874	1824	0.2847058823529412	0.0	0.9682017543859649		0
KF835422|domestic_dog|2012.279	1824	0.2847058823529412	0.0	0.9682017543859649		0
FJ705230|domestic_dog|2008.500	1824	0.2847058823529412	0.0	0.9682017543859649		0
KF835419|domestic_dog|2012.238	1824	0.2847058823529412	0.0	0.9682017543859649		0
EU716072|domestic_dog|2007.041	1824	0.2847058823529412	0.0	0.9682017543859649		0
PV167797|wild_canid|2024.566	1824	0.2847058823529412	0.0	0.9682017543859649		0
HM852904|primate|2008.500	1824	0.2847058823529412	0.0	0.9682017543859649		0
OP209188|mustelid|2020.915	1824	0.2847058823529412	0.0	0.9682017543859649		0
PZ769327|wild_canid|2025.500	1824	0.2847058823529412	0.0	0.9682017543859649		0
KF430360|wild_canid|2012.500	1824	0.2847058823529412	0.0	0.9682017543859649		0
FJ851452|domestic_dog|2008.145	1824	0.2847058823529412	0.0	0.9682017543859649		0
MT932507|wild_canid|2013.238	1824	0.2847058823529412	0.0	0.9682017543859649		0
MT932508|procyonid|2013.195	1824	0.2847058823529412	0.0	0.9682017543859649		0
MH496777|domestic_dog|2014.500	1824	0.2847058823529412	0.0	0.9682017543859649		0
MH496773|domestic_dog|2014.500	1824	0.2847058823529412	0.0	0.9682017543859649		0
MW036798|wild_canid|2018.500	1824	0.2847058823529412	0.0	0.9682017543859649		0
OK557787|wild_canid|2021.500	1824	0.2847058823529412	0.0	0.9682017543859649		0
PX656915|domestic_dog|2012.279	1824	0.2847058823529412	0.0	0.9682017543859649		0
OR633326|domestic_dog|2019.041	1824	0.2847058823529412	0.0	0.9682017543859649		0
MH484613|domestic_dog|2017.500	1824	0.2847058823529412	0.0	0.9682017543859649		0
OK557796|wild_canid|2021.500	1824	0.2847058823529412	0.0	0.9682017543859649		0
OP561472|domestic_dog|2020.331	1778	0.3027450980392157	0.0	0.968503937007874		0
OL795430|wild_canid|2016.500	1824	0.2847058823529412	0.023574561403508772	0.9685569904548007		0
PZ766579|wild_canid|2025.500	1785	0.3	0.0	0.9686274509803922		0
MK423861|domestic_dog|2018.537	1824	0.2847058823529412	0.0	0.96875		0
KT429766|domestic_dog|2012.604	1824	0.2847058823529412	0.0	0.96875		0
PZ407655|primate|2022.389	1824	0.2847058823529412	0.0	0.96875		0
MH496772|domestic_dog|2014.500	1824	0.2847058823529412	0.0	0.96875		0
MT932510|procyonid|2013.268	1824	0.2847058823529412	0.0	0.96875		0
MW495849|ailurid|2019.874	1824	0.2847058823529412	0.0	0.96875		0
MT932494|domestic_dog|2013.058	1824	0.2847058823529412	0.0	0.96875		0
OP546527|wild_canid|2021.500	1824	0.2847058823529412	0.0	0.96875		0
KF430368|mustelid|2013.500	1824	0.2847058823529412	0.0	0.96875		0
KF430351|mustelid|2012.500	1824	0.2847058823529412	0.0	0.96875		0
KF835423|domestic_dog|2012.347	1824	0.2847058823529412	0.0	0.96875		0
HM448831|wild_canid|2009.633	1824	0.2847058823529412	0.0	0.96875		0
KF835411|domestic_dog|2011.800	1824	0.2847058823529412	0.0	0.96875		0
MH430949|pinniped|1988.500	1824	0.2847058823529412	0.0	0.96875		0
MN267063|pinniped|1988.500	1824	0.2847058823529412	0.0	0.96875		0
MT136720|wild_felid|1994.871	1824	0.2847058823529412	0.0	0.96875		0
KU578256|wild_felid|1994.500	1824	0.2847058823529412	0.0	0.96875		0
MN326827|mustelid|2013.789	1824	0.2847058823529412	0.0	0.96875		0
KC427278|mustelid|2008.511	1824	0.2847058823529412	0.0	0.96875		0
EU325720|wild_canid|2007.500	1824	0.2847058823529412	0.0	0.96875		0
EU325728|wild_canid|2007.500	1824	0.2847058823529412	0.0	0.96875		0
FJ705235|domestic_dog|2008.500	1824	0.2847058823529412	0.0	0.96875		0
KF430369|wild_canid|2013.500	1824	0.2847058823529412	0.0	0.96875		0
KF835416|domestic_dog|2012.221	1824	0.2847058823529412	0.0	0.96875		0
KF835417|domestic_dog|2012.227	1824	0.2847058823529412	0.0	0.96875		0
KF835415|domestic_dog|2012.074	1824	0.2847058823529412	0.0	0.96875		0
HQ540292|domestic_dog|2007.500	1824	0.2847058823529412	0.0	0.96875		0
ON533747|domestic_dog|2015.500	1824	0.2847058823529412	0.0	0.96875		0
OR633325|domestic_dog|2019.041	1824	0.2847058823529412	0.0	0.96875		0
MN267062|procyonid|2015.500	1824	0.2847058823529412	0.0	0.96875		0
MN267061|wild_canid|2016.500	1824	0.2847058823529412	0.0	0.96875		0
KJ600774|procyonid|2013.181	1767	0.3070588235294118	0.0	0.9688737973967176		0
MN044679|wild_canid|2013.375	1704	0.33176470588235296	0.0	0.9688967136150235		0
MT136725|wild_felid|1994.384	1514	0.40627450980392155	0.0	0.9689564068692206	internal_stop	34
MN044691|wild_canid|2016.872	1677	0.3423529411764706	0.0	0.9689922480620154		0
OP561481|domestic_dog|2020.331	1778	0.3027450980392157	0.0	0.969066366704162		0
MN044695|wild_canid|2017.422	1692	0.33647058823529413	0.0	0.9692671394799054		0
KF430347|mustelid|2012.500	1824	0.2847058823529412	0.0	0.9692982456140351		0
FJ848530|domestic_dog|2008.366	1824	0.2847058823529412	0.0	0.9692982456140351		0
PZ407656|primate|2022.400	1824	0.2847058823529412	0.0	0.9692982456140351		0
KF430349|mustelid|2012.500	1824	0.2847058823529412	0.0	0.9692982456140351		0
KF430340|mustelid|2012.500	1824	0.2847058823529412	0.0	0.9692982456140351		0
MW495850|ailurid|2019.874	1824	0.2847058823529412	0.0	0.9692982456140351		0
OL795424|wild_canid|2017.500	1824	0.2847058823529412	0.0	0.9692982456140351		0
KF430352|mustelid|2012.500	1824	0.2847058823529412	0.0	0.9692982456140351		0
MK431532|domestic_dog|2005.203	1824	0.2847058823529412	0.0	0.9692982456140351		0
KF430339|mustelid|2012.500	1824	0.2847058823529412	0.0	0.9692982456140351		0
MT932506|procyonid|2013.164	1824	0.2847058823529412	0.0	0.9692982456140351		0
PX656923|domestic_dog|2022.567	1824	0.2847058823529412	0.0	0.9692982456140351		0
MN267060|procyonid|2015.500	1824	0.2847058823529412	0.0	0.9692982456140351		0
FJ423609|wild_canid|2008.500	1824	0.2847058823529412	0.0	0.9692982456140351		0
AB605891|wild_canid|2007.288	1824	0.2847058823529412	0.0	0.9692982456140351		0
FJ705236|domestic_dog|2008.500	1824	0.2847058823529412	0.0	0.9692982456140351		0
HM448834|wild_canid|2009.764	1824	0.2847058823529412	0.0	0.9692982456140351		0
MT119979|domestic_dog|2019.622	1792	0.2972549019607843	0.0	0.9693080357142857	internal_stop	38
MN044683|wild_canid|2013.658	1698	0.3341176470588235	0.0	0.9693757361601885		0
MN044684|wild_canid|2013.863	1701	0.33294117647058824	0.0	0.969429747207525		0
KJ600775|procyonid|2013.195	1767	0.3070588235294118	0.0	0.969439728353141		0
KJ600776|procyonid|2012.962	1767	0.3070588235294118	0.0	0.969439728353141		0
KJ600773|procyonid|2013.175	1767	0.3070588235294118	0.0	0.969439728353141		0
MN044673|wild_canid|2012.866	1704	0.33176470588235296	0.0	0.9694835680751174		0
KU052889|domestic_dog|2014.500	1742	0.3168627450980392	0.0	0.9695752009184845		0
MT932492|wild_canid|2006.548	1824	0.2847058823529412	0.47368421052631576	0.9697916666666667	ambiguous>5%	0
MT136716|wild_felid|1994.058	1824	0.2847058823529412	0.0	0.9698464912280702		0
MT136709|other|1994.518	1824	0.2847058823529412	0.0	0.9698464912280702		0
MW460905|domestic_dog|2019.500	1824	0.2847058823529412	0.0	0.9698464912280702		0
KF430355|mustelid|2012.500	1824	0.2847058823529412	0.0	0.9698464912280702		0
OR652075|domestic_dog|2023.000	1824	0.2847058823529412	0.0	0.9698464912280702		0
GQ332534|domestic_dog|2008.372	1824	0.2847058823529412	0.0	0.9698464912280702		0
KF430358|wild_canid|2012.500	1824	0.2847058823529412	0.0	0.9698464912280702		0
KF835413|domestic_dog|2012.052	1824	0.2847058823529412	0.0	0.9698464912280702		0
MT136723|wild_felid|1994.082	1824	0.2847058823529412	0.0	0.9698464912280702		0
KF430366|mustelid|2013.500	1824	0.2847058823529412	0.0	0.9698464912280702		0
MT136708|other|1994.501	1824	0.2847058823529412	0.0	0.9698464912280702		0
MT136705|other|1993.967	1824	0.2847058823529412	0.0	0.9698464912280702		0
KF430338|mustelid|2012.500	1824	0.2847058823529412	0.0	0.9698464912280702		0
KF430354|mustelid|2012.500	1824	0.2847058823529412	0.0	0.9698464912280702		0
MK487379|procyonid|2016.500	1824	0.2847058823529412	0.0	0.9698464912280702		0
MN044696|wild_canid|2017.682	1692	0.33647058823529413	0.0	0.9698581560283688		0
MN044674|mustelid|2012.866	1704	0.33176470588235296	0.0	0.9700704225352113		0
MN044678|mustelid|2013.285	1677	0.3423529411764706	0.0	0.9701848539057841		0
MN044690|wild_canid|2016.432	1677	0.3423529411764706	0.0	0.9701848539057841		0
OP561476|domestic_dog|2020.331	1778	0.3027450980392157	0.0	0.9701912260967379		0
JX886784|domestic_dog|2009.500	1544	0.39450980392156865	0.0	0.9702072538860104		0
MN044680|mustelid|2013.479	1679	0.3415686274509804	0.0	0.9702203692674211		0
MT136719|wild_felid|1994.101	1514	0.40627450980392155	0.0	0.9702774108322325	internal_stop	34
MN044697|domestic_dog|2018.260	1650	0.35294117647058826	0.0	0.9703030303030303		0
MN044677|wild_canid|2013.145	1686	0.3388235294117647	0.0	0.970344009489917		0
KF430376|wild_canid|2013.500	1824	0.2847058823529412	0.0	0.9703947368421053		0
MT136722|wild_felid|1994.074	1824	0.2847058823529412	0.0	0.9703947368421053		0
MT136718|wild_felid|1994.132	1824	0.2847058823529412	0.0	0.9703947368421053		0
KF430344|mustelid|2012.500	1824	0.2847058823529412	0.0	0.9703947368421053		0
MT136706|other|1993.975	1824	0.2847058823529412	0.0	0.9703947368421053		0
MN335912|other|1994.501	1824	0.2847058823529412	0.0	0.9703947368421053		0
KF430348|mustelid|2012.500	1824	0.2847058823529412	0.0	0.9703947368421053		0
KF430350|mustelid|2012.500	1824	0.2847058823529412	0.0	0.9703947368421053		0
KU578257|domestic_dog|1994.500	1824	0.2847058823529412	0.0	0.9703947368421053		0
JN812976|domestic_dog|1994.500	1824	0.2847058823529412	0.0	0.9703947368421053		0
MW015089|mustelid|2018.500	1824	0.2847058823529412	0.0	0.9703947368421053		0
KF430356|mustelid|2012.500	1824	0.2847058823529412	0.0	0.9703947368421053		0
MK473365|wild_canid|2017.500	1824	0.2847058823529412	0.0	0.9703947368421053		0
MK473364|wild_canid|2017.500	1824	0.2847058823529412	0.0	0.9703947368421053		0
JF810109|wild_felid|2010.500	1824	0.2847058823529412	0.0	0.9703947368421053		0
MN365662|domestic_dog|2005.500	1824	0.2847058823529412	0.0	0.9703947368421053		0
MT136710|other|1994.047	1824	0.2847058823529412	0.0	0.9703947368421053		0
MT136717|wild_felid|1994.090	1824	0.2847058823529412	0.0	0.9703947368421053		0
OL795428|wild_canid|2016.500	1824	0.2847058823529412	0.0	0.9703947368421053		0
KC916716|wild_canid|1994.500	1824	0.2847058823529412	0.0	0.9703947368421053		0
MT136707|other|1994.466	1824	0.2847058823529412	0.0	0.9703947368421053		0
KF430375|mustelid|2013.500	1824	0.2847058823529412	0.0	0.9703947368421053		0
KF430337|mustelid|2012.500	1824	0.2847058823529412	0.0	0.9703947368421053		0
MN044694|wild_canid|2017.003	1701	0.33294117647058824	0.0	0.9706055261610818		0
MN044698|wild_canid|2018.016	1704	0.33176470588235296	0.0	0.9706572769953051		0
KU052895|domestic_dog|2014.500	1742	0.3168627450980392	0.0	0.970723306544202		0
MN044689|mustelid|2016.262	1677	0.3423529411764706	0.0	0.9707811568276684		0
KF430353|mustelid|2012.500	1824	0.2847058823529412	0.0	0.9709429824561403		0
OL795421|wild_canid|2017.500	1824	0.2847058823529412	0.0	0.9709429824561403		0
MT932502|wild_canid|2000.208	1824	0.2847058823529412	0.0	0.9709429824561403		0
KF430362|wild_canid|2012.500	1824	0.2847058823529412	0.0	0.9709429824561403		0
KF430342|mustelid|2012.500	1824	0.2847058823529412	0.0	0.9709429824561403		0
KY214447|wild_canid|2011.500	1824	0.2847058823529412	0.0	0.9709429824561403		0
PQ241491|domestic_dog|2017.759	1824	0.2847058823529412	0.0	0.9709429824561403		0
ON533746|domestic_dog|2015.500	1824	0.2847058823529412	0.0	0.9709429824561403		0
MK473366|wild_canid|2017.500	1824	0.2847058823529412	0.0	0.9709429824561403		0
PX789676|procyonid|2019.312	1824	0.2847058823529412	0.0	0.9709429824561403		0
KF430365|mustelid|2012.500	1824	0.2847058823529412	0.0	0.9709429824561403		0
OL795427|wild_canid|2016.500	1824	0.2847058823529412	0.0	0.9709429824561403		0
OL795425|wild_canid|2017.500	1824	0.2847058823529412	0.0	0.9709429824561403		0
MW015090|mustelid|2018.500	1824	0.2847058823529412	0.0	0.9709429824561403		0
OL795429|wild_canid|2016.500	1824	0.2847058823529412	0.0	0.9709429824561403		0
OL795422|wild_canid|2017.500	1824	0.2847058823529412	0.0	0.9709429824561403		0
KJ489383|domestic_dog|2012.500	1824	0.2847058823529412	0.0	0.9709429824561403		0
KF430363|mustelid|2011.500	1824	0.2847058823529412	0.0	0.9709429824561403		0
KF430377|mustelid|2013.500	1824	0.2847058823529412	0.0	0.9709429824561403		0
KF430345|mustelid|2012.500	1824	0.2847058823529412	0.0	0.9709429824561403		0
KF430364|mustelid|2012.500	1824	0.2847058823529412	0.0	0.9709429824561403		0
KF430361|wild_canid|2012.500	1824	0.2847058823529412	0.0	0.9709429824561403		0
KF430357|wild_canid|2012.500	1824	0.2847058823529412	0.0	0.9709429824561403		0
MH496775|domestic_dog|2014.500	1824	0.2847058823529412	0.0	0.9709429824561403		0
KF430370|mustelid|2013.500	1824	0.2847058823529412	0.0	0.9709429824561403		0
JX912960|domestic_dog|2012.500	1803	0.29294117647058826	0.0	0.971159179145868		0
MN044700|wild_canid|2018.151	1701	0.33294117647058824	0.0	0.9711934156378601		0
MN044693|mustelid|2017.866	1701	0.33294117647058824	0.0	0.9711934156378601		0
MN044688|wild_canid|2015.156	1701	0.33294117647058824	0.0	0.9711934156378601		0
MN044686|wild_canid|2014.362	1701	0.33294117647058824	0.0	0.9711934156378601		0
MN044685|wild_canid|2014.033	1704	0.33176470588235296	0.0	0.971244131455399		0
KU052897|domestic_dog|2014.500	1742	0.3168627450980392	0.0	0.9712973593570609		0
KU052891|domestic_dog|2014.500	1742	0.3168627450980392	0.0	0.9712973593570609		0
MN044692|mustelid|2017.874	1680	0.3411764705882353	0.0	0.9714285714285714		0
MN044701|wild_canid|2018.016	1680	0.3411764705882353	0.0	0.9714285714285714		0
KF430359|wild_canid|2012.500	1824	0.2847058823529412	0.0	0.9714912280701754		0
KF430346|wild_canid|2012.500	1824	0.2847058823529412	0.0	0.9714912280701754		0
KF430343|mustelid|2012.500	1824	0.2847058823529412	0.0	0.9714912280701754		0
KF430341|mustelid|2012.500	1824	0.2847058823529412	0.0	0.9714912280701754		0
MK423862|domestic_dog|2018.537	1824	0.2847058823529412	0.0	0.9714912280701754		0
PQ464015|primate|2022.660	1824	0.2847058823529412	0.0	0.9714912280701754		0
OM811639|mustelid|2010.299	1824	0.2847058823529412	0.0	0.9714912280701754		0
KF430367|mustelid|2012.500	1824	0.2847058823529412	0.0	0.9714912280701754		0
MW713449|domestic_dog|2019.500	1824	0.2847058823529412	0.0	0.9714912280701754		0
JF810107|wild_canid|2010.500	1824	0.2847058823529412	0.0	0.9714912280701754		0
JF810111|domestic_dog|2010.500	1824	0.2847058823529412	0.0	0.9714912280701754		0
MT136712|domestic_dog|1994.641	1824	0.2847058823529412	0.0	0.9714912280701754		0
MT136713|domestic_dog|1994.879	1824	0.2847058823529412	0.0	0.9714912280701754		0
MT136714|wild_canid|1994.537	1824	0.2847058823529412	0.0	0.9714912280701754		0
MT136715|wild_canid|1994.562	1824	0.2847058823529412	0.0	0.9714912280701754		0
MW036820|wild_canid|2019.500	1824	0.2847058823529412	0.0	0.9714912280701754		0
MT136711|domestic_dog|1994.688	1824	0.2847058823529412	0.0	0.9714912280701754		0
MT932500|domestic_dog|2000.158	1824	0.2847058823529412	0.0	0.9714912280701754		0
MK617349|domestic_dog|2017.500	1824	0.2847058823529412	0.0	0.9714912280701754		0
MN044682|wild_canid|2013.518	1685	0.3392156862745098	0.0	0.971513353115727		0
JX912976|domestic_dog|2012.500	1803	0.29294117647058826	0.0	0.9717138103161398		0
MN044681|wild_canid|2013.400	1704	0.33176470588235296	0.0	0.971830985915493		0
MN044670|wild_canid|2012.719	1704	0.33176470588235296	0.0	0.971830985915493		0
MN044687|wild_canid|2014.082	1704	0.33176470588235296	0.0	0.971830985915493		0
MN044675|mustelid|2012.902	1704	0.33176470588235296	0.0	0.971830985915493		0
KU052890|domestic_dog|2014.500	1742	0.3168627450980392	0.0	0.9718714121699197		0
KU052896|domestic_dog|2014.500	1742	0.3168627450980392	0.0	0.9718714121699197		0
MN044665|wild_canid|2012.590	1645	0.35490196078431374	0.0	0.9720364741641337		0
MW036782|mustelid|2019.500	1824	0.2847058823529412	0.0	0.9720394736842105		0
JF810108|wild_canid|2010.500	1824	0.2847058823529412	0.0	0.9720394736842105		0
PP683092|mustelid|2012.959	1824	0.2847058823529412	0.0	0.9720394736842105		0
JF810106|wild_canid|2010.500	1824	0.2847058823529412	0.0	0.9720394736842105		0
MT932501|wild_canid|2000.169	1824	0.2847058823529412	0.0	0.9720394736842105		0
KT429769|domestic_dog|2012.604	1824	0.2847058823529412	0.0	0.9720394736842105		0
MT932493|wild_canid|2000.178	1824	0.2847058823529412	0.0	0.9720394736842105		0
MT932499|domestic_dog|2000.158	1824	0.2847058823529412	0.0	0.9720394736842105		0
OR633324|domestic_dog|2019.041	1824	0.2847058823529412	0.0	0.9720394736842105		0
JX912959|domestic_dog|2012.500	1803	0.29294117647058826	0.0	0.9722684414864116		0
MN044667|wild_canid|2012.620	1587	0.3776470588235294	0.0	0.9722747321991179		0
MN044671|mustelid|2012.792	1704	0.33176470588235296	0.0	0.9724178403755869		0
MN044676|mustelid|2012.817	1704	0.33176470588235296	0.0	0.9724178403755869		0
KU052894|domestic_dog|2014.500	1742	0.3168627450980392	0.0	0.9724454649827784		0
JF810110|mustelid|2002.500	1824	0.2847058823529412	0.0	0.9725877192982456		0
MW036808|mustelid|2018.500	1824	0.2847058823529412	0.0	0.9725877192982456		0
Z47762|ref_America-2|NA	1824	0.2847058823529412	0.0	0.9725877192982456		0
MW036817|wild_canid|2018.500	1824	0.2847058823529412	0.0	0.9725877192982456		0
OQ448915|mustelid|2010.995	1824	0.2847058823529412	0.0	0.9725877192982456		0
KM386683|wild_felid|2013.789	1824	0.2847058823529412	0.0	0.9725877192982456		0
PX734745|wild_canid|2009.500	1824	0.2847058823529412	0.0	0.9725877192982456		0
KT429767|domestic_dog|2012.604	1824	0.2847058823529412	0.0	0.9725877192982456		0
MF437053|domestic_dog|2015.500	1824	0.2847058823529412	0.0	0.9725877192982456		0
MN044669|wild_canid|2012.710	1650	0.35294117647058826	0.0	0.9727272727272728		0
JX912966|domestic_dog|2008.500	1803	0.29294117647058826	0.0	0.9728230726566833		0
JX912963|domestic_dog|2012.500	1803	0.29294117647058826	0.0	0.9728230726566833		0
ON458033|wild_canid|2021.942	1815	0.28823529411764703	0.0	0.9730027548209367		0
MN044672|mustelid|2012.792	1704	0.33176470588235296	0.0	0.9730046948356808		0
MN044662|wild_canid|2012.607	1599	0.3729411764705882	0.0	0.9731081926203877		0
MN044668|wild_canid|2012.678	1563	0.3870588235294118	0.0	0.9731285988483686		0
PX656912|domestic_dog|2023.701	1824	0.2847058823529412	0.0	0.9731359649122807		0
OQ448914|mustelid|2010.995	1824	0.2847058823529412	0.0	0.9731359649122807		0
KF430372|mustelid|2007.500	1824	0.2847058823529412	0.0	0.9731359649122807		0
KT429768|domestic_dog|2012.604	1824	0.2847058823529412	0.0	0.9731359649122807		0
MN044666|mustelid|2012.628	1652	0.35215686274509805	0.0	0.9733656174334141		0
MT136721|wild_felid|1994.575	1502	0.4109803921568628	0.0	0.9733688415446072		0
JX912965|domestic_dog|2008.500	1803	0.29294117647058826	0.0	0.9733777038269551		0
MN044663|wild_canid|2012.344	1671	0.3447058823529412	0.0	0.9736684619988031		0
GU001863|wild_felid|2005.500	1824	0.2847058823529412	0.0	0.9736842105263158		0
KF430371|mustelid|2007.500	1824	0.2847058823529412	0.0	0.9736842105263158		0
HM120874|wild_canid|2009.500	1824	0.2847058823529412	0.0	0.9736842105263158		0
PX656910|domestic_dog|2023.688	1824	0.2847058823529412	0.0	0.9736842105263158		0
ON533744|domestic_dog|2014.500	1824	0.2847058823529412	0.0	0.9736842105263158		0
FJ416338|mustelid|2008.402	1824	0.2847058823529412	0.0	0.9736842105263158		0
MN044664|wild_canid|2012.585	1634	0.3592156862745098	0.0	0.9736842105263158		0
FJ416339|wild_canid|2008.210	1824	0.2847058823529412	0.0	0.9736842105263158		0
JN215474|domestic_dog|2008.500	1824	0.2847058823529412	0.0	0.9736842105263158		0
FJ416336|wild_canid|2008.175	1824	0.2847058823529412	0.0	0.9736842105263158		0
PX734748|wild_canid|2009.500	1824	0.2847058823529412	0.0	0.9736842105263158		0
PX734733|wild_canid|2010.500	1824	0.2847058823529412	0.0	0.9736842105263158		0
MT136724|wild_felid|1994.137	1503	0.41058823529411764	0.0	0.9740518962075848		0
JN896331|domestic_dog|2010.500	1824	0.2847058823529412	0.0	0.9742324561403509		0
KT429761|domestic_dog|2012.604	1824	0.2847058823529412	0.0	0.9742324561403509		0
JN153020|procyonid|2007.500	1824	0.2847058823529412	0.0	0.9742324561403509		0
KF430373|mustelid|2007.500	1824	0.2847058823529412	0.0	0.9742324561403509		0
FJ416337|wild_canid|2008.175	1824	0.2847058823529412	0.0	0.9742324561403509		0
JX912958|domestic_dog|2012.500	1803	0.29294117647058826	0.0	0.9744869661674986		0
JF283477|domestic_dog|2010.500	1615	0.36666666666666664	0.0	0.9746130030959752		0
KU052888|domestic_dog|2014.500	1742	0.3168627450980392	0.0	0.9747416762342136		0
KT429760|domestic_dog|2012.604	1824	0.2847058823529412	0.0	0.9747807017543859		0
KF430374|mustelid|2004.500	1824	0.2847058823529412	0.0	0.9747807017543859		0
PX656911|domestic_dog|2023.699	1824	0.2847058823529412	0.0	0.9747807017543859		0
JN153025|wild_canid|2008.500	1824	0.2847058823529412	0.0	0.9747807017543859		0
OM811640|mustelid|2006.893	1824	0.2847058823529412	0.0	0.9747807017543859		0
MT119976|domestic_dog|2018.622	1799	0.2945098039215686	0.0	0.9749861033907726	internal_stop	40
JX912978|domestic_dog|2012.500	1803	0.29294117647058826	0.0	0.9750415973377704		0
MT119981|domestic_dog|2019.123	1806	0.2917647058823529	0.0	0.9750830564784053	internal_stop	41
OP209189|mustelid|2007.500	1824	0.2847058823529412	0.0	0.975328947368421		0
JN153019|procyonid|2007.500	1824	0.2847058823529412	0.0	0.975328947368421		0
JN153024|wild_canid|2008.500	1824	0.2847058823529412	0.0	0.975328947368421		0
JN153021|procyonid|2007.500	1824	0.2847058823529412	0.0	0.975328947368421		0
PP847351|primate|2018.455	1824	0.2847058823529412	0.0	0.975328947368421		0
PP847348|primate|2018.455	1824	0.2847058823529412	0.0	0.975328947368421		0
PP847352|primate|2018.455	1824	0.2847058823529412	0.0	0.975328947368421		0
KT429764|domestic_dog|2012.604	1824	0.2847058823529412	0.0	0.975328947368421		0
JN215476|domestic_dog|2009.500	1824	0.2847058823529412	0.0	0.975328947368421		0
PP847350|primate|2018.455	1824	0.2847058823529412	0.0	0.975328947368421		0
JX912961|domestic_dog|2012.500	1803	0.29294117647058826	0.0	0.9755962285080422		0
MT119977|domestic_dog|2018.622	1804	0.29254901960784313	0.0	0.975609756097561	internal_stop	39
JN153023|procyonid|2007.500	1824	0.2847058823529412	0.0	0.9758771929824561		0
JN153022|procyonid|2007.500	1824	0.2847058823529412	0.0	0.9758771929824561		0
MT119975|domestic_dog|2018.789	1800	0.29411764705882354	0.0	0.9761111111111112	internal_stop	40
FJ011004|domestic_dog|2003.874	1821	0.2858823529411765	0.0	0.9763866007688083		0
PP847349|wild_canid|2018.455	1824	0.2847058823529412	0.0	0.9764254385964912		0
JN215473|domestic_dog|2007.500	1824	0.2847058823529412	0.0	0.9764254385964912		0
JN215475|domestic_dog|2008.500	1824	0.2847058823529412	0.0	0.9764254385964912		0
FJ392652|domestic_dog|2003.500	1824	0.2847058823529412	0.0	0.9764254385964912		0
KJ123771|domestic_dog|2004.500	1824	0.2847058823529412	0.0	0.9764254385964912		0
KJ865300|wild_canid|2014.200	1824	0.2847058823529412	0.0	0.9764254385964912		0
MH426739|wild_canid|2014.200	1824	0.2847058823529412	0.0	0.9764254385964912		0
MT119974|domestic_dog|2018.789	1792	0.2972549019607843	0.0	0.9765625	internal_stop	39
MT119973|domestic_dog|2018.789	1799	0.2945098039215686	0.0	0.9766536964980544	internal_stop	40
MT119972|domestic_dog|2018.041	1799	0.2945098039215686	0.0	0.9766536964980544	internal_stop	40
MG827090|other|2016.290	1821	0.2858823529411765	0.0	0.9769357495881383	internal_stop	40
HM563058|wild_canid|2008.713	1824	0.2847058823529412	0.0	0.9769736842105263		0
KT429763|domestic_dog|2012.604	1824	0.2847058823529412	0.0	0.9769736842105263		0
KT429765|domestic_dog|2012.604	1824	0.2847058823529412	0.0	0.9769736842105263		0
JX912964|domestic_dog|2008.500	1803	0.29294117647058826	0.0	0.9772601220188575		0
MG827089|other|2016.290	1810	0.2901960784313726	0.0	0.9773480662983426	internal_stop	39
MG827088|other|2016.290	1810	0.2901960784313726	0.0	0.9773480662983426	internal_stop	39
JN215477|domestic_dog|2009.500	1824	0.2847058823529412	0.0	0.9775219298245614		0
KM280689|domestic_dog|2012.500	1824	0.2847058823529412	0.0	0.9775219298245614		0
KX897612|wild_felid|2015.701	1824	0.2847058823529412	0.0	0.9775219298245614		0
PX734747|domestic_dog|2006.500	1824	0.2847058823529412	0.0	0.9775219298245614		0
KT429762|domestic_dog|2012.604	1824	0.2847058823529412	0.0	0.9775219298245614		0
PX734736|domestic_dog|2005.500	1824	0.2847058823529412	0.0	0.9780701754385965		0
HM563059|domestic_dog|2007.096	1824	0.2847058823529412	0.0	0.9780701754385965		0
PX734739|domestic_dog|2005.500	1824	0.2847058823529412	0.0	0.9780701754385965		0
KX897610|ailurid|2015.871	1824	0.2847058823529412	0.0	0.9786184210526315		0
HM563057|wild_canid|1998.088	1815	0.28823529411764703	0.0	0.9790633608815427		0
KX897611|ailurid|2015.907	1824	0.2847058823529412	0.0	0.9797149122807017		0
KX897609|ailurid|2015.858	1824	0.2847058823529412	0.0	0.9802631578947368		0
GQ214376|domestic_dog|2002.500	1824	0.2847058823529412	0.0	0.9802631578947368		0
GQ214380|domestic_dog|2002.500	1824	0.2847058823529412	0.0	0.9802631578947368		0
PX734742|domestic_dog|2008.500	1824	0.2847058823529412	0.0	0.9802631578947368		0
GQ214384|domestic_dog|2002.500	1824	0.2847058823529412	0.0	0.9802631578947368		0
MT932504|wild_felid|1992.667	1824	0.2847058823529412	0.0	0.981359649122807		0
GQ214378|domestic_dog|2002.500	1824	0.2847058823529412	0.0	0.981359649122807		0
EU716337|domestic_dog|2004.675	1824	0.2847058823529412	0.0	0.9819078947368421		0
MT932511|wild_felid|1992.787	1824	0.2847058823529412	0.0	0.9819078947368421		0
MT932505|procyonid|1992.000	1824	0.2847058823529412	0.0	0.9824561403508771		0
JQ732170|wild_canid|2005.500	1824	0.2847058823529412	0.0	0.9841008771929824		0
AF112189|ref_America-2|NA	1966	0.22901960784313727	0.0	0.9847405900305188	internal_stop	40
JX912968|domestic_dog|2008.500	1803	0.29294117647058826	0.0	0.985579589572934		0
AF164967|ref_America-2|NA	1946	0.23686274509803923	0.0	0.986639260020555	internal_stop	40
OQ282901|domestic_dog|2021.003	1796	0.29568627450980395	0.0	0.987750556792873	internal_stop	39
MT448054|viverrid|2019.500	1824	0.2847058823529412	0.0	0.9879385964912281		0
JX886780|domestic_dog|2011.500	1544	0.39450980392156865	0.0	0.9883419689119171		0
OQ282902|domestic_dog|2021.003	1796	0.29568627450980395	0.0	0.9899777282850779	internal_stop	39
OQ282900|domestic_dog|2021.003	1796	0.29568627450980395	0.0	0.9899777282850779	internal_stop	39
LC498611|wild_canid|2017.874	1824	0.2847058823529412	0.0	0.9901315789473685		0
MN698648|domestic_dog|2019.500	1824	0.2847058823529412	0.0	0.9906798245614035		0
