clade	n_tips	n_dated	diversity	span_years	earliest	latest	slope	r_squared	perm_p	implied_root	verdict	reference_lineages
clade_01	398	398	0.0888	21.2	2004.5	2025.71	6.367e-04	0.3861	0.002	1980.2	pass	
clade_02	267	267	0.0953	27.4	1998.09	2025.5	5.654e-04	0.3394	0.002	1958.5	pass	
clade_03	82	82	0.0708	29.7	1993.97	2023.63	4.260e-04	0.8243	0.002	1950.3	pass	
clade_04	81	81	0.0835	17.2	2006.5	2023.7	5.363e-04	0.1319	0.004	1948.8	weak	
clade_05	57	57	0.0991	20.2	2003.5	2023.7	1.068e-03	0.2613	0.002	2002.4	weak	
clade_06	41	41	0.0853	9.4	2007.62	2017.04	1.553e-03	0.5133	0.002	2000.2	weak	
clade_07	40	40	0.0673	41.3	1982.11	2023.39	4.246e-05	0.0041	0.3693	1554.6	fail	
clade_08	36	36	0.0458	16.2	2009.32	2025.5	4.616e-04	0.3303	0.004	1983.5	pass	
clade_09	34	34	0.0338	12.8	2007.5	2020.33	3.584e-05	0.0022	0.4052	1683.9	fail	
clade_10	30	30	0.0741	14.3	2009.5	2023.77	6.765e-04	0.5714	0.002	1970.7	pass	
